id,first_name,last_name,email,gender,ip_address,car_make,car_model
1,Joachim,Mattin,jmattin0@cnn.com,Genderfluid,148.40.154.155,Volkswagen,Golf
2,Padriac,Tappin,ptappin1@illinois.edu,Male,7.94.237.98,Toyota,T100
3,Margery,Fossick,mfossick2@tripod.com,Female,67.222.79.249,Kia,Rio
4,Robinet,Heibel,rheibel3@cmu.edu,Male,166.151.85.244,Ford,Probe
5,Ebba,Glasbey,eglasbey4@senate.gov,Female,186.104.141.115,Cadillac,SRX
6,Hewet,Zumbusch,hzumbusch5@zimbio.com,Genderfluid,224.158.15.32,Mazda,Mazda2
7,Faustine,Ebbles,febbles6@ted.com,Female,203.42.229.175,Dodge,Spirit
8,Phyllys,Gauntlett,pgauntlett7@jigsy.com,Female,25.64.222.229,Audi,S4
9,Benny,Trengrove,btrengrove8@ow.ly,Male,63.223.91.250,Saab,900
10,Adela,Snyder,asnyder9@chronoengine.com,Female,165.226.97.135,Chevrolet,Express 3500
11,Di,Filoniere,dfilonierea@virginia.edu,Bigender,103.11.36.90,Chrysler,Fifth Ave
12,Arabele,Newlands,anewlandsb@digg.com,Bigender,247.244.228.213,Lotus,Esprit
13,Uri,Quidenham,uquidenhamc@tiny.cc,Male,171.254.213.154,Lexus,ES
14,Hilda,Larratt,hlarrattd@creativecommons.org,Female,188.212.136.71,Kia,Spectra
15,Noella,Beardshaw,nbeardshawe@infoseek.co.jp,Female,91.2.201.21,Lexus,LX
16,Dode,Osgar,dosgarf@google.fr,Female,121.208.128.222,Volkswagen,Eurovan
17,Tabbitha,Read,treadg@is.gd,Female,17.226.77.184,Mitsubishi,Outlander Sport
18,Leisha,Scouller,lscoullerh@google.com.au,Female,254.65.75.253,BMW,3 Series
19,Sondra,Minucci,sminuccii@usatoday.com,Female,185.116.128.220,Isuzu,Rodeo
20,Ronnica,Huntar,rhuntarj@twitter.com,Female,125.203.11.147,Mazda,B2500
21,Gib,Alejo,galejok@hubpages.com,Male,134.211.185.233,Saab,9-3
22,Costanza,Irce,circel@1und1.de,Bigender,103.98.162.22,Mercury,Cougar
23,Randell,Harkins,rharkinsm@mlb.com,Male,75.172.103.59,Volkswagen,Eos
24,Sam,Iacovielli,siacoviellin@a8.net,Male,71.147.79.77,Toyota,4Runner
25,Parker,Rentcome,prentcomeo@theglobeandmail.com,Male,131.218.120.40,Dodge,Durango
26,Selle,Robatham,srobathamp@over-blog.com,Female,182.171.163.3,Lexus,ES
27,Clarita,Woodrough,cwoodroughq@cargocollective.com,Female,132.65.153.219,Nissan,Sentra
28,Heidi,Kyberd,hkyberdr@eepurl.com,Female,15.102.202.120,Ford,E-Series
29,Ashleigh,Goatcher,agoatchers@sitemeter.com,Bigender,176.246.216.249,Volkswagen,Jetta
30,Dru,Ladbrook,dladbrookt@ibm.com,Male,64.204.42.5,Plymouth,Laser
31,Dotty,Glassford,dglassfordu@yellowbook.com,Female,53.166.249.21,Mercury,Villager
32,Lambert,Hellcat,lhellcatv@cdc.gov,Male,142.237.119.147,Chevrolet,Camaro
33,Killie,Hallor,khallorw@wikispaces.com,Genderfluid,214.64.92.191,Chevrolet,Astro
34,Mick,Bunch,mbunchx@blogtalkradio.com,Male,24.64.182.98,Toyota,Highlander
35,Kaile,Coger,kcogery@wordpress.org,Female,97.80.91.58,Volvo,S80
36,Courtnay,Hacker,chackerz@google.co.jp,Male,103.49.96.219,Toyota,Camry
37,Clementina,MacEveley,cmaceveley10@independent.co.uk,Female,201.226.135.106,Infiniti,I
38,Bertrand,Bordman,bbordman11@amazon.com,Male,29.121.138.133,Mercedes-Benz,R-Class
39,Wendi,Acosta,wacosta12@gmpg.org,Female,120.239.232.213,BMW,5 Series
40,Renaldo,Brickhill,rbrickhill13@woothemes.com,Male,215.224.12.212,Cadillac,Escalade ESV
41,Chaddie,Ludford,cludford14@wordpress.com,Male,120.161.130.106,Mazda,Mazda3
42,Callida,Mullally,cmullally15@apache.org,Female,120.31.35.118,Volkswagen,Rabbit
43,Letizia,Marsland,lmarsland16@gnu.org,Female,25.158.122.113,Saab,9-7X
44,Rubi,Yukhnevich,ryukhnevich17@foxnews.com,Female,158.63.29.253,Chevrolet,TrailBlazer
45,Rolland,Carnall,rcarnall18@virginia.edu,Male,38.51.79.28,Volvo,V40
46,Winifred,Adamides,wadamides19@geocities.com,Female,27.82.152.209,Jaguar,XK Series
47,Aindrea,Bee,abee1a@aboutads.info,Female,203.197.36.143,Acura,TSX
48,Silvio,Wardhaugh,swardhaugh1b@harvard.edu,Male,226.13.139.33,Volvo,XC70
49,Cinda,Ready,cready1c@free.fr,Female,9.254.103.25,Lexus,RX Hybrid
50,Orson,De Miranda,odemiranda1d@joomla.org,Male,203.192.135.2,Hyundai,Santa Fe
51,Mariann,Cammoile,mcammoile1e@cafepress.com,Non-binary,74.184.21.129,Toyota,Camry Hybrid
52,Ginger,Fellows,gfellows1f@imgur.com,Male,26.29.213.99,Mitsubishi,Cordia
53,Bevvy,Thunder,bthunder1g@skype.com,Female,23.80.62.88,Ford,Thunderbird
54,Glynn,Sedworth,gsedworth1h@addthis.com,Male,53.119.175.205,Pontiac,Montana
55,Innis,Newbatt,inewbatt1i@godaddy.com,Male,30.73.226.199,Pontiac,Montana SV6
56,Cecil,Peche,cpeche1j@nsw.gov.au,Male,194.55.99.166,Dodge,Ram 2500
57,Brock,Grevel,bgrevel1k@issuu.com,Male,219.108.53.154,Kia,Sportage
58,Darcy,Itscowicz,ditscowicz1l@linkedin.com,Female,242.135.152.26,Isuzu,Rodeo
59,Nellie,Morfell,nmorfell1m@cam.ac.uk,Female,199.167.201.66,Dodge,Ram Van B250
60,Em,Cotty,ecotty1n@netvibes.com,Male,168.25.232.117,Ford,E-Series
61,Rodina,Ottley,rottley1o@cnbc.com,Female,55.24.85.162,Dodge,Caravan
62,Josiah,Leversuch,jleversuch1p@ocn.ne.jp,Male,224.13.66.188,Ford,F350
63,Dirk,Stanfield,dstanfield1q@springer.com,Male,48.102.162.202,Maserati,Spyder
64,Astra,Matasov,amatasov1r@privacy.gov.au,Female,32.131.78.248,Ferrari,F430
65,Jackie,Bolzen,jbolzen1s@who.int,Male,93.183.214.77,Lexus,IS
66,Fonzie,Mouton,fmouton1t@posterous.com,Male,213.158.223.117,Buick,Regal
67,Gabriel,Raven,graven1u@epa.gov,Male,10.80.215.205,Lexus,SC
68,Lloyd,Addionisio,laddionisio1v@spiegel.de,Male,81.212.184.96,Kia,Optima
69,Geraldine,Fenna,gfenna1w@addthis.com,Female,76.117.122.51,Nissan,Xterra
70,Florri,Mishow,fmishow1x@linkedin.com,Polygender,116.197.125.11,Lexus,IS-F
71,Braden,O'Keenan,bokeenan1y@microsoft.com,Non-binary,52.165.187.187,Plymouth,Acclaim
72,Gustaf,Catterick,gcatterick1z@elpais.com,Male,51.71.67.188,Mercury,Monterey
73,Dawna,Scantleberry,dscantleberry20@seattletimes.com,Female,53.131.235.128,Mercedes-Benz,S-Class
74,Catriona,Oliphant,coliphant21@newyorker.com,Female,153.229.170.34,Land Rover,Range Rover
75,Koo,Havenhand,khavenhand22@home.pl,Female,248.251.200.85,Land Rover,LR3
76,Tremaine,Gowanlock,tgowanlock23@deliciousdays.com,Male,191.61.231.119,Nissan,Titan
77,Myrilla,Bruyntjes,mbruyntjes24@rambler.ru,Female,91.70.162.37,Saturn,S-Series
78,Carver,Dorrance,cdorrance25@time.com,Male,217.112.103.234,Infiniti,EX
79,Tessi,McKim,tmckim26@ft.com,Non-binary,212.79.212.144,Toyota,Tacoma Xtra
80,Godard,Loveard,gloveard27@youku.com,Male,12.190.245.59,Mercedes-Benz,G-Class
81,Alejoa,Labb,alabb28@dedecms.com,Male,100.229.109.99,Mercury,Grand Marquis
82,Dav,Cahan,dcahan29@tripadvisor.com,Non-binary,190.156.16.92,Mercury,Grand Marquis
83,Galvin,Danzelman,gdanzelman2a@yandex.ru,Male,63.108.152.38,Buick,Park Avenue
84,Ilaire,Kettlewell,ikettlewell2b@canalblog.com,Male,243.103.215.26,Morgan,Aero 8
85,Free,Hance,fhance2c@lycos.com,Male,245.180.31.198,Mercedes-Benz,S-Class
86,Kelcey,Yokel,kyokel2d@fastcompany.com,Female,242.57.211.194,Mitsubishi,Pajero
87,Gianina,Moreton,gmoreton2e@smugmug.com,Female,11.152.232.76,Acura,CL
88,Jerrie,Grand,jgrand2f@hostgator.com,Non-binary,48.8.135.251,Ford,E150
89,Warren,Karpushkin,wkarpushkin2g@nature.com,Male,40.185.142.96,Mazda,626
90,Danna,Adamov,dadamov2h@tmall.com,Female,210.209.43.18,Chrysler,Town & Country
91,Carter,Bramford,cbramford2i@indiatimes.com,Male,222.149.194.102,Mazda,B2000
92,Artair,Aucutt,aaucutt2j@creativecommons.org,Genderfluid,109.166.227.27,Volkswagen,Eos
93,Kathryne,Balffye,kbalffye2k@globo.com,Female,10.92.225.75,Suzuki,Vitara
94,Jordain,Myhill,jmyhill2l@unesco.org,Genderqueer,23.31.245.160,Lincoln,Navigator
95,Emory,Elton,eelton2m@devhub.com,Male,91.27.20.132,Aston Martin,DB9
96,Chantal,Giovannelli,cgiovannelli2n@craigslist.org,Female,93.90.239.175,Ferrari,599 GTB Fiorano
97,Larisa,McCuthais,lmccuthais2o@aol.com,Female,140.16.61.158,Mercedes-Benz,Sprinter
98,Chandler,Reardon,creardon2p@g.co,Male,34.212.169.96,Oldsmobile,98
99,Christopher,Cotillard,ccotillard2q@bizjournals.com,Male,238.85.187.118,Jeep,Liberty
100,Steward,Haughton,shaughton2r@irs.gov,Agender,146.161.32.202,Dodge,Grand Caravan
101,Randolph,Adamov,radamov2s@eepurl.com,Male,27.111.66.228,Isuzu,Rodeo Sport
102,Nathan,Leedes,nleedes2t@shop-pro.jp,Male,142.28.199.175,Ford,F250
103,Griffie,Cammidge,gcammidge2u@wordpress.com,Male,212.188.202.185,Chevrolet,Corvair 500
104,Celeste,Ziemecki,cziemecki2v@rediff.com,Female,33.81.73.121,Aston Martin,Virage
105,Fanya,Felder,ffelder2w@taobao.com,Female,84.13.83.202,Volkswagen,Cabriolet
106,Alexis,Meardon,ameardon2x@netlog.com,Male,108.87.62.221,Cadillac,SRX
107,Conway,Nystrom,cnystrom2y@cloudflare.com,Male,18.225.230.170,Dodge,Ram Van 2500
108,Lory,Issac,lissac2z@sina.com.cn,Female,48.174.163.99,Volkswagen,CC
109,Nikki,Collingwood,ncollingwood30@pinterest.com,Male,152.181.214.36,Maybach,Landaulet
110,Fransisco,Whitrod,fwhitrod31@nifty.com,Male,102.154.32.130,Ford,F150
111,Orel,M'Quharge,omquharge32@illinois.edu,Female,97.213.106.6,Subaru,SVX
112,Lexine,Ragbourn,lragbourn33@cnn.com,Female,202.183.219.138,Hyundai,Tucson
113,Quincey,Nussen,qnussen34@youtu.be,Male,1.207.48.20,Acura,TL
114,Goddart,Esby,gesby35@creativecommons.org,Male,69.252.108.56,Isuzu,Rodeo
115,Mireielle,Billett,mbillett36@amazon.co.uk,Female,15.225.52.122,Hyundai,Sonata
116,Robina,Morecombe,rmorecombe37@hibu.com,Female,201.242.98.92,Toyota,Tercel
117,Arne,Vondra,avondra38@ocn.ne.jp,Male,114.155.34.13,Porsche,911
118,Marlyn,Dohrmann,mdohrmann39@economist.com,Female,188.25.129.40,Mazda,MX-6
119,Murielle,Di Giorgio,mdigiorgio3a@admin.ch,Female,182.168.244.249,Porsche,928
120,Melissa,Wollacott,mwollacott3b@biblegateway.com,Female,231.212.29.149,Mitsubishi,Outlander
121,Jonah,Nattrass,jnattrass3c@google.pl,Male,22.39.182.24,Pontiac,Firefly
122,Ellwood,Wetter,ewetter3d@telegraph.co.uk,Male,255.181.21.201,Chevrolet,Corvette
123,Noll,Avrahm,navrahm3e@tmall.com,Male,178.253.53.184,Mitsubishi,Mirage
124,Quentin,Burgiss,qburgiss3f@exblog.jp,Female,253.170.166.35,BMW,600
125,Aretha,Sharland,asharland3g@wordpress.org,Female,218.170.75.117,Mercedes-Benz,CLS-Class
126,Crystal,De Hooge,cdehooge3h@archive.org,Female,52.18.191.53,Mitsubishi,Diamante
127,Murry,Hullins,mhullins3i@mail.ru,Male,9.55.110.7,Chevrolet,Cobalt
128,Darrick,Moyer,dmoyer3j@ustream.tv,Male,44.140.122.222,Volkswagen,Jetta
129,Carilyn,Oloman,coloman3k@smugmug.com,Female,123.149.12.247,Hyundai,Elantra
130,Murvyn,Rickhuss,mrickhuss3l@npr.org,Male,68.64.130.112,Chevrolet,Cavalier
131,Allan,Legen,alegen3m@godaddy.com,Male,209.202.197.25,Toyota,Sienna
132,Eimile,Langsdon,elangsdon3n@mapquest.com,Female,132.130.38.139,Pontiac,Tempest
133,Sherline,Rival,srival3o@csmonitor.com,Polygender,188.198.7.222,Dodge,Dakota
134,Rosalyn,Waith,rwaith3p@delicious.com,Female,99.34.224.137,BMW,1 Series
135,Vicki,Danielsky,vdanielsky3q@cbsnews.com,Female,5.89.149.81,Lexus,SC
136,Aldin,Emmanuel,aemmanuel3r@smugmug.com,Genderqueer,96.79.78.56,Infiniti,G
137,Lou,Dunnett,ldunnett3s@mlb.com,Male,21.97.147.230,Mazda,Tribute
138,Blake,Robinet,brobinet3t@clickbank.net,Male,62.40.223.31,Chevrolet,Tracker
139,Christel,Aylmer,caylmer3u@mayoclinic.com,Genderfluid,236.18.117.184,Mercedes-Benz,C-Class
140,Levon,Whitlam,lwhitlam3v@photobucket.com,Male,41.77.99.152,Infiniti,QX
141,Amabelle,Pimlott,apimlott3w@sbwire.com,Female,62.120.24.249,Pontiac,Fiero
142,Donaugh,Caughan,dcaughan3x@histats.com,Polygender,28.208.163.247,Chevrolet,Astro
143,Nevin,Freak,nfreak3y@vistaprint.com,Male,160.110.186.235,BMW,M3
144,Nichole,Karpe,nkarpe3z@opera.com,Female,109.233.122.36,Mercury,Villager
145,Mozes,Kulic,mkulic40@slideshare.net,Genderqueer,248.171.180.62,Ford,E-Series
146,Layton,Marquese,lmarquese41@bloomberg.com,Male,52.249.115.35,Mitsubishi,Lancer
147,Peadar,Wittke,pwittke42@posterous.com,Male,242.165.25.242,Buick,Skylark
148,Jud,Maxsted,jmaxsted43@prnewswire.com,Male,118.136.202.52,MINI,Cooper
149,Consalve,Colomb,ccolomb44@mayoclinic.com,Male,210.224.36.47,Subaru,Impreza
150,Rooney,Giorgini,rgiorgini45@blogtalkradio.com,Male,86.165.82.223,Acura,NSX
151,Alberto,Kellick,akellick46@si.edu,Bigender,9.220.215.139,Pontiac,Sunfire
152,Samuele,Gaitskell,sgaitskell47@hud.gov,Male,150.218.232.110,Volkswagen,Passat
153,Jamison,Camis,jcamis48@aboutads.info,Male,1.180.249.1,GMC,Sierra 2500
154,Tansy,Grenville,tgrenville49@wiley.com,Female,45.196.231.63,Volkswagen,Eos
155,Mozelle,Litchmore,mlitchmore4a@cmu.edu,Female,212.184.64.215,Ford,Contour
156,Cornall,Prendeville,cprendeville4b@amazon.co.uk,Male,230.206.160.94,Volkswagen,Eurovan
157,Wildon,Tixier,wtixier4c@ebay.co.uk,Male,196.201.194.35,Jeep,Grand Cherokee
158,Carmencita,Cunniff,ccunniff4d@marriott.com,Female,184.92.182.236,Dodge,Ram Wagon B350
159,Riane,Chasen,rchasen4e@so-net.ne.jp,Female,78.170.93.85,Mazda,RX-8
160,Sheridan,Claris,sclaris4f@live.com,Male,152.132.4.43,Mazda,323
161,Charmane,Alenshev,calenshev4g@canalblog.com,Female,244.47.221.183,Hyundai,Elantra
162,Randi,Comber,rcomber4h@histats.com,Female,9.128.50.179,Volkswagen,Type 2
163,Banky,Holworth,bholworth4i@washington.edu,Male,255.47.144.150,Chevrolet,Aveo
164,Corbin,Pocke,cpocke4j@bluehost.com,Male,66.160.103.165,Mazda,Protege5
165,Hugibert,Figiovanni,hfigiovanni4k@mozilla.com,Male,60.218.201.182,Mazda,CX-7
166,Ursa,Rebbeck,urebbeck4l@istockphoto.com,Female,74.69.167.241,Mercedes-Benz,SL65 AMG
167,Charmaine,McTeague,cmcteague4m@indiegogo.com,Female,1.100.2.96,Chevrolet,Express 3500
168,Gearard,Tyrrell,gtyrrell4n@parallels.com,Bigender,165.179.4.152,Hyundai,Elantra
169,Demetri,Blenkin,dblenkin4o@paypal.com,Male,126.115.66.160,Porsche,Boxster
170,Denyse,Crouse,dcrouse4p@nyu.edu,Genderqueer,17.185.233.55,Ford,Taurus
171,Darci,Randall,drandall4q@dailymotion.com,Female,113.232.131.28,BMW,M Roadster
172,Suzanne,Matteo,smatteo4r@booking.com,Female,17.179.99.79,Acura,TSX
173,Durward,Barnewall,dbarnewall4s@e-recht24.de,Male,20.242.84.103,Volkswagen,Jetta
174,Lemar,Gammie,lgammie4t@gnu.org,Male,10.48.247.248,Toyota,Camry
175,Ondrea,Tuerena,otuerena4u@howstuffworks.com,Female,12.162.93.47,Eagle,Talon
176,Stacy,Eite,seite4v@pagesperso-orange.fr,Male,227.244.8.27,Mercedes-Benz,SL-Class
177,Winonah,Quilligan,wquilligan4w@reuters.com,Genderfluid,132.248.248.64,Honda,Odyssey
178,Ana,Mackin,amackin4x@fc2.com,Female,146.33.6.163,Chevrolet,Express 2500
179,Mareah,Arlet,marlet4y@odnoklassniki.ru,Female,240.113.67.182,Jeep,Commander
180,Melvin,Eltone,meltone4z@bravesites.com,Male,251.213.83.9,Pontiac,Solstice
181,Trefor,Zorn,tzorn50@apache.org,Male,249.66.123.160,Toyota,Tundra
182,Iggy,Sivorn,isivorn51@tinypic.com,Male,242.154.231.67,Pontiac,Grand Am
183,Dorothy,Scates,dscates52@jimdo.com,Female,76.250.45.77,GMC,Savana 2500
184,Susanne,Kulver,skulver53@macromedia.com,Female,4.10.187.174,Chevrolet,Venture
185,Reinold,Cleugh,rcleugh54@thetimes.co.uk,Male,178.254.105.110,Volkswagen,Jetta
186,Corrianne,Isaacson,cisaacson55@google.co.uk,Female,189.20.127.241,Lincoln,Mark VIII
187,Mandy,Readwood,mreadwood56@china.com.cn,Female,23.138.172.69,Lincoln,Navigator L
188,Ertha,Golsby,egolsby57@examiner.com,Female,126.161.27.20,Mercury,Mystique
189,Darin,Realph,drealph58@people.com.cn,Male,48.59.169.146,Hillman,Minx Magnificent
190,Melisenda,Pleass,mpleass59@dedecms.com,Female,18.216.69.241,GMC,Savana 3500
191,Bar,Allum,ballum5a@unblog.fr,Male,207.176.222.56,Chevrolet,Venture
192,Debor,Quinane,dquinane5b@cmu.edu,Female,74.76.21.21,Porsche,911
193,Roanne,Janusik,rjanusik5c@dailymotion.com,Female,235.111.122.93,Maybach,57
194,Rosabella,Covey,rcovey5d@amazon.co.jp,Female,219.254.71.254,Lexus,LS
195,Dominique,Sebright,dsebright5e@google.cn,Female,51.69.11.196,Pontiac,Montana SV6
196,Jaymie,Fenning,jfenning5f@xing.com,Male,225.47.218.215,BMW,530
197,Gerik,Tapsell,gtapsell5g@squarespace.com,Male,215.215.232.211,Chevrolet,Metro
198,Inez,McIlvaney,imcilvaney5h@unicef.org,Female,239.39.5.100,Saturn,Outlook
199,Maridel,Drain,mdrain5i@trellian.com,Female,216.20.198.203,Dodge,Ram Van 1500
200,Karlee,Cowdry,kcowdry5j@pen.io,Agender,180.250.98.2,Nissan,Pathfinder
201,Kassie,Delaprelle,kdelaprelle5k@businessweek.com,Female,27.26.111.243,Volkswagen,Golf
202,Philly,Robken,probken5l@who.int,Female,92.174.175.204,Chevrolet,S10
203,Ursuline,Okenden,uokenden5m@paypal.com,Non-binary,187.183.160.228,Mitsubishi,Chariot
204,Geoff,Solway,gsolway5n@netlog.com,Male,13.74.73.204,Suzuki,Swift
205,Joelly,Ceeley,jceeley5o@seattletimes.com,Female,167.114.214.185,Kia,Rio
206,Elston,Rouby,erouby5p@cafepress.com,Male,141.70.232.46,Subaru,Baja
207,Rorie,Lathwood,rlathwood5q@dropbox.com,Polygender,34.72.254.70,Chevrolet,Corvette
208,Sly,Reape,sreape5r@prweb.com,Male,207.1.142.106,Mitsubishi,Mighty Max
209,Kassie,Clench,kclench5s@washington.edu,Female,77.136.192.104,Dodge,Ram Van 2500
210,Krisha,Wloch,kwloch5t@1und1.de,Male,109.113.58.119,Ford,E-Series
211,Lou,Dahle,ldahle5u@furl.net,Male,124.142.144.71,Chevrolet,Silverado 3500
212,Kathlin,Giannazzi,kgiannazzi5v@nature.com,Female,190.1.115.28,Nissan,Sentra
213,Cozmo,Wink,cwink5w@parallels.com,Male,222.55.22.166,Buick,Skylark
214,Wally,Scatchard,wscatchard5x@hp.com,Male,232.158.27.53,Audi,A6
215,Patsy,Serotsky,pserotsky5y@unesco.org,Female,121.40.3.12,Mitsubishi,Chariot
216,Raquel,Spadeck,rspadeck5z@amazon.co.uk,Female,140.123.161.90,Chevrolet,G-Series G20
217,Veronique,Shepton,vshepton60@slate.com,Female,84.92.39.122,Kia,Carens
218,Fernandina,Hamley,fhamley61@printfriendly.com,Female,26.216.207.254,Jaguar,XJ
219,Jervis,Ben,jben62@chronoengine.com,Male,163.236.232.104,Kia,Rio
220,Lesley,Lovelady,llovelady63@telegraph.co.uk,Male,75.125.176.28,Pontiac,Firebird
221,Gardiner,Pallent,gpallent64@paypal.com,Male,142.110.76.129,Audi,TT
222,Romola,Simnel,rsimnel65@bbc.co.uk,Female,197.10.90.67,Dodge,Daytona
223,Bertie,Duggary,bduggary66@qq.com,Female,58.48.69.96,Suzuki,SJ
224,Jorie,Halsworth,jhalsworth67@prnewswire.com,Female,30.44.220.254,Chevrolet,Camaro
225,Sharona,Briar,sbriar68@wikia.com,Female,1.11.226.187,Pontiac,Grand Prix
226,Fax,Greer,fgreer69@techcrunch.com,Male,250.27.228.247,Volkswagen,CC
227,Eugine,Faulo,efaulo6a@scribd.com,Female,252.86.9.158,Pontiac,Grand Prix
228,Laird,Mowbury,lmowbury6b@php.net,Male,169.149.94.159,Kia,Carens
229,Kennedy,Hassey,khassey6c@earthlink.net,Male,63.29.180.96,Toyota,Solara
230,Erroll,Smidmoor,esmidmoor6d@unblog.fr,Male,87.224.143.140,Nissan,Xterra
231,Kelwin,Chasteau,kchasteau6e@cpanel.net,Male,231.86.134.29,Isuzu,Rodeo
232,Kandy,Lebarree,klebarree6f@xing.com,Female,172.107.62.252,Suzuki,Aerio
233,Camilla,Pieche,cpieche6g@fastcompany.com,Female,65.199.135.207,Acura,RDX
234,Nicko,Gerriet,ngerriet6h@stanford.edu,Male,152.237.152.161,Honda,Accord
235,Mano,Habbin,mhabbin6i@sphinn.com,Male,26.175.65.219,Mercedes-Benz,SLS-Class
236,Renault,McOrkill,rmcorkill6j@shop-pro.jp,Genderfluid,179.133.34.0,Lexus,RX
237,Worth,Pinkett,wpinkett6k@apple.com,Male,191.206.23.161,Honda,Odyssey
238,Salaidh,Mathivet,smathivet6l@independent.co.uk,Agender,70.208.71.37,Pontiac,Firebird
239,Eydie,Swindon,eswindon6m@smugmug.com,Female,35.226.208.249,Acura,ZDX
240,Trstram,Bragg,tbragg6n@comcast.net,Genderqueer,202.191.120.30,Cadillac,XLR-V
241,Arabela,Manske,amanske6o@cnbc.com,Female,243.143.94.77,Land Rover,Discovery
242,Melodie,Swinbourne,mswinbourne6p@ucoz.ru,Female,59.134.20.29,Nissan,GT-R
243,Melany,Ewan,mewan6q@cbsnews.com,Female,93.183.75.55,Honda,del Sol
244,Evin,Jozsef,ejozsef6r@i2i.jp,Male,242.46.56.76,Mercedes-Benz,SL-Class
245,Carolynn,Richardson,crichardson6s@tinypic.com,Female,204.154.219.189,Mitsubishi,Montero Sport
246,Astra,Placido,aplacido6t@gizmodo.com,Female,9.148.212.161,Toyota,Tundra
247,Dudley,Le feaver,dlefeaver6u@flickr.com,Male,9.22.152.174,Mazda,929
248,Sherman,Mably,smably6v@huffingtonpost.com,Male,36.75.163.55,Dodge,Caravan
249,Sonnnie,Donnellan,sdonnellan6w@un.org,Female,140.148.101.197,Ford,Mustang
250,Miltie,Eilhersen,meilhersen6x@list-manage.com,Male,68.225.169.199,Porsche,Cayman
251,Louise,Hallor,lhallor6y@loc.gov,Female,234.86.14.78,Mercury,Monterey
252,Arne,Lamshead,alamshead6z@nhs.uk,Male,59.138.48.132,Kia,Rio
253,Wain,Brass,wbrass70@theguardian.com,Male,57.100.187.95,Pontiac,Gemini
254,Gun,Habben,ghabben71@msn.com,Male,133.118.72.194,Volvo,V40
255,Tomaso,Schrir,tschrir72@desdev.cn,Male,230.22.152.235,Dodge,Intrepid
256,Alissa,Harriagn,aharriagn73@harvard.edu,Female,161.239.125.126,Ford,Ranger
257,Base,Clother,bclother74@pen.io,Male,180.142.57.112,Kia,Amanti
258,Pammy,Gerardi,pgerardi75@freewebs.com,Female,115.80.110.204,Buick,Skyhawk
259,Jimmie,Chaikovski,jchaikovski76@lycos.com,Male,72.235.60.166,Plymouth,Voyager
260,Edmund,Vennart,evennart77@about.me,Male,116.198.4.107,Lincoln,MKZ
261,Kameko,Drabble,kdrabble78@booking.com,Female,243.37.158.62,GMC,1500 Club Coupe
262,Bartolemo,Vivyan,bvivyan79@dedecms.com,Male,8.131.116.134,Chrysler,Cirrus
263,Johnathan,Gurys,jgurys7a@reference.com,Male,163.33.176.69,GMC,Savana 2500
264,Olga,Murrigans,omurrigans7b@arizona.edu,Female,205.209.97.220,Mitsubishi,Galant
265,Gan,Buckenham,gbuckenham7c@ucla.edu,Male,192.6.39.18,Lincoln,MKZ
266,Baryram,Haughin,bhaughin7d@deliciousdays.com,Male,210.175.34.240,Bentley,Mulsanne
267,Fielding,Philps,fphilps7e@cnet.com,Male,111.197.20.202,Pontiac,Grand Prix
268,Corinna,Tattershaw,ctattershaw7f@cdc.gov,Female,119.31.127.63,Chevrolet,S10 Blazer
269,Jeffrey,Chadwyck,jchadwyck7g@liveinternet.ru,Male,23.223.107.87,Buick,Special
270,Dani,McMurty,dmcmurty7h@google.de,Non-binary,61.54.123.242,Ford,Freestar
271,Regina,Gross,rgross7i@auda.org.au,Female,89.242.1.124,Chevrolet,Camaro
272,Alameda,Rolstone,arolstone7j@whitehouse.gov,Female,222.192.51.49,Maserati,Quattroporte
273,Mattheus,Mathias,mmathias7k@cdbaby.com,Male,24.64.62.201,GMC,Canyon
274,Hendrik,Kitching,hkitching7l@blogs.com,Male,78.194.217.166,Subaru,Impreza
275,Darice,Burg,dburg7m@constantcontact.com,Female,254.56.64.130,Hyundai,Veracruz
276,Elvyn,Colles,ecolles7n@weather.com,Male,18.187.210.5,Holden,VS Commodore
277,Hyacintha,Bereford,hbereford7o@columbia.edu,Female,112.124.187.180,Audi,A4
278,Charlie,Brewis,cbrewis7p@ebay.co.uk,Male,35.146.252.11,Toyota,Ipsum
279,Glynis,Wardhough,gwardhough7q@umich.edu,Female,150.37.137.49,Buick,Roadmaster
280,Madalena,Clancey,mclancey7r@dmoz.org,Bigender,233.12.35.152,Mercury,Tracer
281,Dayna,Prydden,dprydden7s@unicef.org,Female,41.159.249.130,Chevrolet,Suburban 2500
282,Naoma,Quibell,nquibell7t@imdb.com,Female,61.177.158.42,Chevrolet,Silverado 2500
283,El,Dobrowlski,edobrowlski7u@youku.com,Male,36.63.73.223,Dodge,Ram 1500
284,Brett,Pache,bpache7v@tinyurl.com,Male,209.94.158.42,Chevrolet,Corvette
285,Alister,Klaessen,aklaessen7w@indiegogo.com,Genderqueer,88.117.143.207,Mercedes-Benz,CL-Class
286,Frazer,Romme,fromme7x@aboutads.info,Male,29.196.229.234,Toyota,Sienna
287,Darcy,Orrobin,dorrobin7y@last.fm,Female,126.65.152.66,BMW,7 Series
288,Addy,Lovell,alovell7z@ocn.ne.jp,Female,119.147.69.7,Volvo,C70
289,Anne,Brumham,abrumham80@artisteer.com,Non-binary,20.87.241.72,BMW,3 Series
290,Emalia,Curness,ecurness81@sakura.ne.jp,Female,179.72.198.66,Mitsubishi,Diamante
291,Blinni,Burnie,bburnie82@time.com,Female,78.59.194.44,Nissan,Sentra
292,Rozella,Grumble,rgrumble83@time.com,Female,212.234.238.6,Toyota,Tacoma
293,Lucias,Sommerlie,lsommerlie84@hhs.gov,Male,141.97.187.151,Hillman,Minx Magnificent
294,Stanislaw,Davidy,sdavidy85@chronoengine.com,Male,37.226.171.1,Nissan,Murano
295,Mellicent,Scobbie,mscobbie86@biglobe.ne.jp,Female,200.98.157.187,Ford,Crown Victoria
296,Ruddy,O' Dornan,rodornan87@time.com,Male,110.125.242.163,Ford,Crown Victoria
297,Anet,Sedger,asedger88@about.com,Female,2.167.163.62,Lexus,RX
298,Brett,Molden,bmolden89@purevolume.com,Male,92.229.144.100,Mercedes-Benz,SL-Class
299,Lynnell,Hilhouse,lhilhouse8a@dailymotion.com,Female,61.114.202.105,Dodge,Ram 2500 Club
300,Rianon,Cabena,rcabena8b@tripadvisor.com,Non-binary,252.215.161.25,Toyota,Camry
301,Iorgos,Brookz,ibrookz8c@typepad.com,Male,253.178.35.222,Land Rover,Discovery
302,Don,Inchcomb,dinchcomb8d@themeforest.net,Male,186.116.136.60,MINI,Cooper
303,Sophia,Knightsbridge,sknightsbridge8e@miitbeian.gov.cn,Female,76.62.33.133,Chevrolet,S10
304,Raddie,Trawin,rtrawin8f@networkadvertising.org,Male,186.21.176.130,Ford,Ranger
305,Sarena,Woonton,swoonton8g@is.gd,Genderfluid,225.175.35.172,Dodge,Grand Caravan
306,Wolfy,Leitch,wleitch8h@independent.co.uk,Male,60.161.39.218,Mazda,Miata MX-5
307,Cathlene,Kilday,ckilday8i@tripod.com,Female,26.3.249.23,Pontiac,Grand Prix
308,Mitchael,Whittles,mwhittles8j@admin.ch,Male,249.240.156.228,Chevrolet,Corvette
309,Norby,Saward,nsaward8k@redcross.org,Male,21.154.205.66,Saab,9000
310,Alma,Luttgert,aluttgert8l@list-manage.com,Female,197.122.14.27,Dodge,Stratus
311,Bret,Maghull,bmaghull8m@google.cn,Male,223.135.181.248,Jeep,Grand Cherokee
312,Kaitlyn,O'Fihillie,kofihillie8n@csmonitor.com,Genderqueer,221.194.203.36,Ford,Explorer Sport
313,Klarika,Cuckoo,kcuckoo8o@biblegateway.com,Female,19.109.4.242,Lexus,LS
314,Gordan,Koppen,gkoppen8p@seattletimes.com,Male,192.183.1.33,Mercedes-Benz,SL65 AMG
315,Hyacinthie,Cleghorn,hcleghorn8q@storify.com,Female,58.169.111.159,Mazda,Familia
316,Jacqui,Pactat,jpactat8r@nps.gov,Female,204.110.242.76,Mazda,Miata MX-5
317,Aurelia,Lissenden,alissenden8s@paypal.com,Female,180.31.40.60,Porsche,911
318,Candy,Wibberley,cwibberley8t@pinterest.com,Female,15.190.38.31,Ford,Escort
319,Johan,Stimson,jstimson8u@epa.gov,Male,228.227.25.86,Toyota,Previa
320,Mandie,Firpo,mfirpo8v@so-net.ne.jp,Female,50.201.54.231,Pontiac,Firefly
321,Frannie,St. Quentin,fstquentin8w@nih.gov,Polygender,180.196.174.215,Land Rover,LR2
322,Isaiah,Davidescu,idavidescu8x@networksolutions.com,Bigender,26.166.63.100,GMC,Envoy XL
323,Elenore,Hyndes,ehyndes8y@twitter.com,Female,84.49.235.4,Nissan,Datsun/Nissan Z-car
324,Gayle,Danilchev,gdanilchev8z@dmoz.org,Female,37.40.20.75,Ford,Crown Victoria
325,Terrell,Penman,tpenman90@ucsd.edu,Male,35.113.40.200,Toyota,4Runner
326,Gordan,Longbothom,glongbothom91@google.com.au,Male,156.150.122.3,Nissan,Quest
327,Casey,Mabbs,cmabbs92@tinyurl.com,Male,218.95.223.59,Mercury,Grand Marquis
328,Raynard,Lanyon,rlanyon93@blogtalkradio.com,Male,17.199.146.225,Volkswagen,Passat
329,Arline,Reinhardt,areinhardt94@samsung.com,Non-binary,239.126.129.149,Mitsubishi,Montero Sport
330,Bogart,Vasichev,bvasichev95@opera.com,Male,179.238.41.253,Ford,Courier
331,Felisha,Jenny,fjenny96@apache.org,Female,212.27.168.104,Chevrolet,2500
332,Yoshi,Hurch,yhurch97@studiopress.com,Female,108.114.237.103,Subaru,Legacy
333,Artair,Diamond,adiamond98@naver.com,Male,181.21.189.127,Mazda,Familia
334,Engelbert,Biswell,ebiswell99@marketwatch.com,Genderfluid,85.130.209.62,Infiniti,QX56
335,Cull,Waghorne,cwaghorne9a@patch.com,Male,154.220.114.61,Acura,Vigor
336,Neils,Winterbotham,nwinterbotham9b@lulu.com,Male,142.248.148.155,Chevrolet,G-Series G30
337,Milka,Riguard,mriguard9c@tripod.com,Female,49.125.55.89,Hyundai,Genesis Coupe
338,Freemon,MacSporran,fmacsporran9d@feedburner.com,Male,49.242.177.39,Saab,9-3
339,Phil,Pavel,ppavel9e@tinypic.com,Male,193.22.62.50,Chrysler,Town & Country
340,Leonidas,Shevell,lshevell9f@eventbrite.com,Male,61.241.186.90,Audi,R8
341,Roxanne,Ajam,rajam9g@about.me,Female,33.60.140.49,Jeep,Liberty
342,Marion,Ilyin,milyin9h@harvard.edu,Male,242.153.55.6,Chevrolet,G-Series G10
343,Bernie,Booth,bbooth9i@cloudflare.com,Female,54.224.99.218,Lexus,RX
344,Corrina,Romain,cromain9j@360.cn,Female,94.143.29.14,Ford,Bronco
345,Raddie,Trumpeter,rtrumpeter9k@walmart.com,Male,220.141.120.7,Ford,Taurus X
346,Avictor,Erat,aerat9l@photobucket.com,Male,201.153.191.181,Toyota,Tacoma
347,Carrol,Pryell,cpryell9m@domainmarket.com,Male,254.136.113.155,Lexus,IS-F
348,Domeniga,Couch,dcouch9n@reverbnation.com,Female,114.105.172.4,Volkswagen,Passat
349,Reine,Mutimer,rmutimer9o@japanpost.jp,Female,158.184.247.97,Ford,GT
350,Kristoforo,Knagges,kknagges9p@hugedomains.com,Male,167.76.189.158,Cadillac,Seville
351,Viviene,Tanswill,vtanswill9q@fotki.com,Female,168.55.109.211,Infiniti,QX
352,Emma,Tunder,etunder9r@home.pl,Female,20.168.35.162,Mercury,Grand Marquis
353,Elfrida,Bewsey,ebewsey9s@tripadvisor.com,Female,253.123.226.4,Chevrolet,G-Series G10
354,Esmaria,Michelotti,emichelotti9t@home.pl,Female,190.31.52.31,Isuzu,VehiCROSS
355,Faulkner,Conibear,fconibear9u@hc360.com,Male,55.242.109.81,BMW,7 Series
356,Ola,Kiffin,okiffin9v@bloomberg.com,Female,180.161.229.33,Porsche,911
357,Neddy,Gildea,ngildea9w@timesonline.co.uk,Male,32.187.138.33,Toyota,4Runner
358,Angel,Girvan,agirvan9x@sogou.com,Female,249.113.165.4,Maybach,62
359,Wilow,Seldon,wseldon9y@cyberchimps.com,Female,6.96.94.206,GMC,Savana 2500
360,Gallagher,Berzins,gberzins9z@chicagotribune.com,Male,115.193.97.151,Toyota,Tundra
361,Wainwright,Ghelardoni,wghelardonia0@washington.edu,Male,165.14.147.151,Nissan,240SX
362,Morgun,Dormon,mdormona1@fc2.com,Male,209.171.57.53,Honda,Accord
363,Berny,Franchioni,bfranchionia2@biglobe.ne.jp,Male,163.196.167.82,Kia,Optima
364,Bridget,Janoschek,bjanoscheka3@europa.eu,Female,181.10.212.22,BMW,5 Series
365,Gabriella,Asey,gaseya4@ox.ac.uk,Female,144.112.10.32,Ford,Explorer Sport Trac
366,Manolo,Blackden,mblackdena5@theatlantic.com,Male,189.41.44.197,Honda,Odyssey
367,Ali,De Normanville,adenormanvillea6@example.com,Female,188.94.237.147,Chevrolet,Corvette
368,Arlina,Manneville,amannevillea7@etsy.com,Female,150.252.7.123,Pontiac,G5
369,Patrick,Shovelbottom,pshovelbottoma8@chronoengine.com,Male,116.127.10.126,Suzuki,Grand Vitara
370,Verna,Haggata,vhaggataa9@diigo.com,Female,164.17.183.162,Chrysler,LeBaron
371,Simon,Neiland,sneilandaa@soundcloud.com,Male,117.235.201.80,MINI,Cooper Clubman
372,Alasdair,Holyland,aholylandab@craigslist.org,Male,223.127.243.173,Chevrolet,Malibu
373,Eugenia,Ludlem,eludlemac@wix.com,Female,47.67.56.109,Hyundai,Tucson
374,Dianne,Snyder,dsnyderad@facebook.com,Bigender,171.141.144.47,GMC,Jimmy
375,Brnaby,Livezey,blivezeyae@army.mil,Male,41.236.54.185,Cadillac,DeVille
376,Trudey,Dingsdale,tdingsdaleaf@deliciousdays.com,Female,185.232.191.35,BMW,M5
377,Lianna,Dudderidge,ldudderidgeag@wiley.com,Female,128.53.240.199,Shelby,GT500
378,Jannelle,Dionisetti,jdionisettiah@patch.com,Female,5.165.217.11,Ford,Mustang
379,Datha,Rosencrantz,drosencrantzai@marriott.com,Female,79.52.27.25,Mercedes-Benz,GL-Class
380,Philomena,Broomhead,pbroomheadaj@addthis.com,Female,124.208.30.9,GMC,Sierra 2500
381,Zebedee,Blackie,zblackieak@paypal.com,Bigender,66.104.209.199,Hyundai,Elantra
382,Pietra,Brunskill,pbrunskillal@trellian.com,Female,171.11.169.127,Honda,Passport
383,Kailey,Calbaithe,kcalbaitheam@rediff.com,Female,240.124.94.95,Saab,9000
384,Lucio,Gilmour,lgilmouran@webs.com,Male,195.49.40.16,Ford,F250
385,Udale,Penton,upentonao@cisco.com,Male,5.4.27.237,Volkswagen,GTI
386,Athene,Marchello,amarchelloap@behance.net,Female,50.120.221.67,Lotus,Exige
387,Josey,Tumulty,jtumultyaq@samsung.com,Female,193.82.226.5,Scion,tC
388,Charlena,Winchcum,cwinchcumar@craigslist.org,Female,219.75.211.0,Pontiac,Firebird
389,Dorry,McTavish,dmctavishas@storify.com,Female,214.203.86.33,Lotus,Esprit
390,Denis,Pulham,dpulhamat@mapquest.com,Male,135.141.115.135,Pontiac,GTO
391,Carlin,Schruurs,cschruursau@cornell.edu,Female,5.39.158.209,Mercedes-Benz,CLS-Class
392,Fernandina,Gamble,fgambleav@howstuffworks.com,Female,55.10.208.62,Porsche,Boxster
393,Lillian,Barense,lbarenseaw@de.vu,Female,140.242.99.240,Chevrolet,Avalanche 2500
394,Alison,Tullett,atullettax@miitbeian.gov.cn,Female,85.58.112.14,Infiniti,QX
395,Goldie,Placide,gplacideay@squarespace.com,Female,0.4.137.99,Volkswagen,Golf
396,Dagny,Collinette,dcollinetteaz@hp.com,Genderqueer,81.39.119.36,Dodge,Ram Wagon B350
397,Kiley,Macknish,kmacknishb0@jimdo.com,Female,42.68.8.160,Toyota,Prius
398,Hiram,Mooreed,hmooreedb1@hp.com,Male,239.177.47.75,Buick,Century
399,Del,Torbet,dtorbetb2@umich.edu,Male,1.9.228.50,Lincoln,Town Car
400,Dougie,Holme,dholmeb3@patch.com,Male,34.107.100.162,Hyundai,Elantra
401,Fidelia,Pendrich,fpendrichb4@china.com.cn,Female,134.206.71.85,Volkswagen,R32
402,Sonia,Verrill,sverrillb5@disqus.com,Female,207.219.95.216,Jeep,Wrangler
403,Carr,Popplestone,cpopplestoneb6@google.com.br,Male,156.28.34.147,Mercedes-Benz,SL65 AMG
404,Mary,Castelletti,mcastellettib7@nasa.gov,Female,195.181.219.219,Infiniti,QX
405,Kingsley,Chessell,kchessellb8@apache.org,Male,230.10.133.78,Chevrolet,Silverado 3500
406,Stearne,Johansen,sjohansenb9@china.com.cn,Male,181.156.154.109,Ford,Thunderbird
407,Judie,Varnam,jvarnamba@google.ca,Female,211.130.6.144,Suzuki,SJ
408,Sashenka,Cymper,scymperbb@reference.com,Female,101.13.190.125,Panoz,Esperante
409,Terrence,Grime,tgrimebc@hostgator.com,Male,113.161.51.59,Cadillac,Escalade EXT
410,Keary,Burchnall,kburchnallbd@reverbnation.com,Male,14.64.184.73,Hyundai,Tucson
411,Roddie,Limbourne,rlimbournebe@vkontakte.ru,Male,10.142.161.8,Mercury,Sable
412,Jillane,Missington,jmissingtonbf@earthlink.net,Female,103.163.9.10,Mazda,MX-6
413,Persis,Sture,psturebg@usnews.com,Female,163.99.113.236,Mercury,Sable
414,Danna,Howick,dhowickbh@reddit.com,Female,45.225.251.244,Toyota,Land Cruiser
415,Baily,Fransseni,bfranssenibi@hp.com,Male,241.110.25.11,Toyota,Avalon
416,Alexa,Pavel,apavelbj@cloudflare.com,Female,98.116.207.47,Mitsubishi,Space
417,Catlin,Carlyle,ccarlylebk@blog.com,Female,92.217.115.133,Honda,Accord
418,Ham,Witnall,hwitnallbl@narod.ru,Male,134.178.13.229,GMC,Vandura 1500
419,Norah,Duly,ndulybm@ning.com,Female,60.14.189.200,Chrysler,Cirrus
420,Davidson,Glasson,dglassonbn@multiply.com,Male,197.127.77.20,Mercury,Tracer
421,Nels,Selway,nselwaybo@nsw.gov.au,Bigender,208.183.199.165,Plymouth,Neon
422,Nikolas,Bush,nbushbp@salon.com,Male,38.46.89.244,Dodge,Dakota Club
423,Ericka,Lacase,elacasebq@dailymotion.com,Female,148.230.207.43,Ford,Crown Victoria
424,Alix,Mennell,amennellbr@go.com,Male,158.242.233.51,Buick,Reatta
425,Delila,Asel,daselbs@hatena.ne.jp,Female,39.159.217.32,Audi,Coupe GT
426,Alfred,Speeks,aspeeksbt@earthlink.net,Male,99.67.111.97,Mazda,626
427,Alexia,Corderoy,acorderoybu@posterous.com,Female,134.245.7.112,Mercedes-Benz,SL-Class
428,Barrie,Robers,brobersbv@123-reg.co.uk,Female,203.207.162.210,Lincoln,Town Car
429,Jarvis,Trussman,jtrussmanbw@furl.net,Male,99.47.39.26,Nissan,Pathfinder
430,Marne,Sexty,msextybx@aol.com,Female,170.125.30.151,Porsche,911
431,Mandel,Algar,malgarby@google.de,Male,103.105.21.110,Saab,9000
432,Andie,Culter,aculterbz@bluehost.com,Male,158.70.248.114,Dodge,Ram 3500
433,Auria,Heeran,aheeranc0@elegantthemes.com,Female,45.201.151.68,Scion,tC
434,Travers,Pitt,tpittc1@sciencedirect.com,Male,47.109.51.141,Volkswagen,Routan
435,Berty,Lestrange,blestrangec2@amazon.com,Female,213.58.82.163,Mitsubishi,Precis
436,Karalee,Fishley,kfishleyc3@live.com,Female,193.184.149.210,BMW,M5
437,Orella,Shevill,oshevillc4@topsy.com,Female,237.233.166.233,Hyundai,Elantra
438,Chelsie,Davitti,cdavittic5@google.es,Agender,243.198.241.68,Chevrolet,Caprice Classic
439,Bertine,Orteu,borteuc6@xinhuanet.com,Female,239.134.169.1,Isuzu,i-350
440,Vilhelmina,Posselow,vposselowc7@imdb.com,Female,70.73.113.240,Cadillac,DTS
441,Stanwood,Wennington,swenningtonc8@intel.com,Male,11.192.59.244,Rolls-Royce,Ghost
442,Goldie,Titmarsh,gtitmarshc9@marketwatch.com,Female,4.55.69.161,Mitsubishi,Endeavor
443,Woodie,Trenbey,wtrenbeyca@networkadvertising.org,Male,85.142.84.134,Chevrolet,Cavalier
444,Stirling,Steers,ssteerscb@ning.com,Male,43.127.135.114,GMC,2500
445,Weston,Helsdon,whelsdoncc@163.com,Male,92.24.85.149,GMC,Safari
446,Der,Rubinsky,drubinskycd@phpbb.com,Male,146.251.168.248,Chevrolet,3500
447,Virgil,Norvell,vnorvellce@amazon.co.jp,Male,64.134.220.93,Chevrolet,Corvette
448,Whitman,Toal,wtoalcf@over-blog.com,Male,93.152.27.4,Ford,Fairlane
449,Emmerich,Dudderidge,edudderidgecg@geocities.jp,Male,6.134.108.65,Mazda,MX-6
450,Evered,Delahunty,edelahuntych@issuu.com,Male,2.117.103.220,Volvo,S70
451,Hatti,Spall,hspallci@indiegogo.com,Female,100.188.119.159,Mazda,Familia
452,Maryann,Bradburne,mbradburnecj@unesco.org,Female,112.18.65.220,BMW,X6
453,Caitlin,Matkin,cmatkinck@liveinternet.ru,Female,2.185.55.7,Mitsubishi,Eclipse
454,Travus,Wellings,twellingscl@wiley.com,Male,94.213.167.158,Nissan,240SX
455,Alvan,Poulsen,apoulsencm@privacy.gov.au,Male,134.168.131.202,Suzuki,Swift
456,Pet,Bootland,pbootlandcn@instagram.com,Female,146.238.218.126,Chevrolet,G-Series G20
457,Mathilda,Tetley,mtetleyco@wordpress.org,Female,154.228.114.224,Subaru,XT
458,Roldan,Tudgay,rtudgaycp@trellian.com,Male,171.114.178.230,Volkswagen,Tiguan
459,Matthus,Brydell,mbrydellcq@google.nl,Male,113.119.143.91,Chrysler,New Yorker
460,Marisa,Gonzales,mgonzalescr@bing.com,Female,145.9.140.174,Mercury,Cougar
461,Bartolomeo,Hamper,bhampercs@nsw.gov.au,Male,58.98.38.135,Chevrolet,Suburban 2500
462,Wendell,Maddison,wmaddisonct@census.gov,Male,118.57.212.163,Plymouth,Grand Voyager
463,Dallis,Fraulo,dfraulocu@wired.com,Male,144.80.194.203,Chevrolet,Caprice Classic
464,Artemis,Ivantyev,aivantyevcv@sitemeter.com,Male,126.203.173.55,Toyota,Camry
465,Hilliard,Tremblet,htrembletcw@europa.eu,Male,73.198.104.119,Pontiac,Grand Am
466,Allan,Averay,aaveraycx@biblegateway.com,Male,136.39.39.37,Mitsubishi,Montero
467,Andrus,Cockitt,acockittcy@independent.co.uk,Male,46.155.44.186,Mitsubishi,Endeavor
468,Twyla,Emlyn,temlyncz@devhub.com,Female,94.165.113.125,Maybach,57
469,Bertine,Jaray,bjarayd0@princeton.edu,Female,211.94.125.80,Lincoln,Continental
470,Rhea,Auguste,raugusted1@google.com.hk,Female,25.90.92.180,Suzuki,Swift
471,Sterling,Webb-Bowen,swebbbowend2@usda.gov,Male,228.114.240.84,GMC,1500 Club Coupe
472,Cassaundra,Chavrin,cchavrind3@shinystat.com,Female,40.189.32.224,Volkswagen,Routan
473,Wiatt,Blakeney,wblakeneyd4@flickr.com,Male,38.128.131.129,Audi,S8
474,Wynne,Dabrowski,wdabrowskid5@dagondesign.com,Genderfluid,98.229.190.211,Aston Martin,V8 Vantage
475,Revkah,Fitzackerley,rfitzackerleyd6@yolasite.com,Female,75.17.151.221,GMC,Rally Wagon G2500
476,Dyane,Northbridge,dnorthbridged7@vinaora.com,Female,54.203.228.126,Dodge,Dakota Club
477,Lief,Woolnough,lwoolnoughd8@who.int,Male,42.255.3.181,Acura,Legend
478,Kelcey,Whitwam,kwhitwamd9@scientificamerican.com,Female,43.100.94.19,Buick,Regal
479,Simone,Purves,spurvesda@yelp.com,Female,52.139.234.252,Dodge,Neon
480,Betta,Porker,bporkerdb@bizjournals.com,Female,27.12.32.188,GMC,Savana 1500
481,Ilaire,McSkeagan,imcskeagandc@jimdo.com,Male,130.111.66.202,Scion,xB
482,Hayley,Dinse,hdinsedd@odnoklassniki.ru,Female,93.34.59.152,Mazda,Mazda5
483,Neron,Cutsforth,ncutsforthde@state.gov,Male,89.82.161.124,Mitsubishi,Chariot
484,Aube,de Marco,ademarcodf@gravatar.com,Male,67.200.64.255,Buick,Park Avenue
485,Tymothy,Cosgrive,tcosgrivedg@msn.com,Male,197.89.137.190,Mercedes-Benz,G-Class
486,Eward,Rebeiro,erebeirodh@nymag.com,Male,39.193.67.231,Lotus,Exige
487,Dag,Hum,dhumdi@washingtonpost.com,Male,31.127.14.155,Subaru,Outback Sport
488,Maryl,Fruish,mfruishdj@toplist.cz,Female,94.163.226.139,Mercedes-Benz,300SE
489,Ansel,Alders,aaldersdk@msn.com,Male,195.23.220.157,Pontiac,Firebird
490,Juditha,Blunt,jbluntdl@taobao.com,Female,24.112.46.19,Maserati,GranTurismo
491,Glyn,Fendlen,gfendlendm@sogou.com,Male,102.243.123.105,Toyota,Matrix
492,Quint,Boule,qbouledn@jiathis.com,Male,13.184.254.52,Volkswagen,CC
493,Annmarie,Stede,astededo@shutterfly.com,Female,95.21.63.57,Honda,Odyssey
494,Harri,Drabble,hdrabbledp@vk.com,Female,237.16.16.76,Volvo,960
495,Holly,Sebyer,hsebyerdq@cmu.edu,Bigender,134.158.73.178,Pontiac,Montana
496,Erwin,Crother,ecrotherdr@businessinsider.com,Polygender,156.174.187.143,Chevrolet,Tahoe
497,Sauncho,MacCheyne,smaccheyneds@bizjournals.com,Male,166.175.164.19,Ford,F150
498,Gideon,Edgell,gedgelldt@dyndns.org,Male,171.170.149.53,Saturn,S-Series
499,Stacee,Penvarne,spenvarnedu@walmart.com,Male,37.8.20.16,Mitsubishi,Galant
500,Brandy,Correa,bcorreadv@cbslocal.com,Male,83.135.216.182,GMC,Savana
501,Edvard,Haddock,ehaddockdw@cornell.edu,Male,158.241.98.208,Pontiac,Grand Prix
502,Carlie,Boote,cbootedx@hibu.com,Male,201.58.215.112,Toyota,Celica
503,Rasia,Borland,rborlanddy@cloudflare.com,Female,206.171.193.121,Infiniti,Q
504,Lancelot,Ector,lectordz@google.es,Male,107.31.86.232,Chevrolet,G-Series 1500
505,Jemie,Negus,jneguse0@aol.com,Female,58.119.88.35,Chevrolet,Express 1500
506,Tildy,Fannon,tfannone1@prweb.com,Female,134.24.72.136,Mazda,Mazdaspeed 3
507,Marmaduke,Dantesia,mdantesiae2@spotify.com,Male,106.145.123.2,Dodge,Ram 3500
508,Bevon,Wheaton,bwheatone3@shutterfly.com,Polygender,135.138.101.138,Buick,Century
509,Derward,Dunston,ddunstone4@opera.com,Male,105.193.197.54,Mercedes-Benz,SL-Class
510,Ardyce,Kelleher,akellehere5@1und1.de,Female,15.233.205.158,GMC,Yukon XL 2500
511,Noellyn,Schade,nschadee6@hubpages.com,Female,211.144.61.69,Chevrolet,Corvette
512,Hewitt,Zelland,hzellande7@linkedin.com,Male,139.121.245.108,BMW,1 Series
513,Fifi,Melson,fmelsone8@acquirethisname.com,Female,9.96.24.1,Honda,del Sol
514,Rosemaria,Woodburne,rwoodburnee9@seattletimes.com,Agender,17.206.151.244,Mazda,CX-9
515,Jody,Dadd,jdaddea@theatlantic.com,Female,72.233.20.186,Kia,Rondo
516,Dougy,Freathy,dfreathyeb@ebay.com,Male,15.29.58.60,Acura,RDX
517,Olia,Goodnow,ogoodnowec@sfgate.com,Female,241.42.16.29,Hyundai,Accent
518,Merill,Kaygill,mkaygilled@comsenz.com,Male,18.202.254.141,Ford,F250
519,Bree,Trippitt,btrippittee@hao123.com,Female,251.8.188.168,Mitsubishi,RVR
520,Gerti,Rummings,grummingsef@psu.edu,Female,53.193.47.73,Dodge,D250 Club
521,Ignacio,Boddington,iboddingtoneg@naver.com,Male,66.45.40.236,Audi,90
522,Davina,Keener,dkeenereh@paginegialle.it,Female,95.193.13.234,Subaru,Outback
523,Sholom,Snell,ssnellei@cloudflare.com,Male,138.4.66.35,Audi,A3
524,Anthia,Trowell,atrowellej@geocities.com,Female,216.247.230.157,Chevrolet,HHR
525,Wakefield,Ford,wfordek@mashable.com,Male,187.1.138.218,MINI,Countryman
526,Merline,Crutchley,mcrutchleyel@reference.com,Female,29.205.91.167,Ford,Mustang
527,Barnie,Eyres,beyresem@ibm.com,Male,157.193.67.145,Mercedes-Benz,S-Class
528,Nina,Stegel,nstegelen@earthlink.net,Non-binary,32.134.85.97,Ferrari,599 GTB Fiorano
529,Gianni,Burden,gburdeneo@php.net,Male,60.95.234.95,Chevrolet,Beretta
530,Keely,Vanyukov,kvanyukovep@webnode.com,Female,30.112.244.98,Dodge,Ram 1500
531,Merry,Royl,mroyleq@reference.com,Female,188.253.203.248,Toyota,Tercel
532,Base,Ofen,bofener@cbslocal.com,Male,112.117.5.80,Mercury,Grand Marquis
533,Alvis,Krale,akralees@cloudflare.com,Male,8.90.15.8,Nissan,Quest
534,Grace,Standfield,gstandfieldet@xrea.com,Female,106.39.53.190,Toyota,Tacoma
535,Sophronia,Cuthill,scuthilleu@reference.com,Female,224.219.27.46,GMC,Canyon
536,Parke,Capoun,pcapounev@nytimes.com,Male,155.174.238.56,Land Rover,Range Rover
537,Sigismundo,Inston,sinstonew@yahoo.co.jp,Male,134.168.160.62,Honda,Prelude
538,Michaela,Botcherby,mbotcherbyex@ifeng.com,Female,161.76.191.235,Subaru,Alcyone SVX
539,Jo,Rawlings,jrawlingsey@geocities.com,Male,57.16.247.31,Lexus,ES
540,Ephrayim,Devall,edevallez@yolasite.com,Male,28.127.142.7,Lotus,Elise
541,Lian,Wibrow,lwibrowf0@walmart.com,Female,228.206.83.243,Audi,A6
542,Ilyssa,Kittoe,ikittoef1@storify.com,Female,66.7.149.110,BMW,745
543,Debee,McAuslene,dmcauslenef2@jigsy.com,Female,179.102.222.146,GMC,Suburban 1500
544,Jolynn,Dome,jdomef3@macromedia.com,Female,151.5.44.241,Ford,F-Series
545,Stavros,Bernaciak,sbernaciakf4@ow.ly,Male,242.243.136.159,Ford,Thunderbird
546,Caresse,Rosenfelder,crosenfelderf5@phoca.cz,Female,62.43.8.156,Dodge,Ram 1500
547,Marcy,Muggeridge,mmuggeridgef6@arizona.edu,Female,44.255.111.245,Volkswagen,Touareg
548,Isidora,Giacomi,igiacomif7@1und1.de,Female,101.211.251.25,Hyundai,Accent
549,Jilly,Care,jcaref8@rambler.ru,Female,69.114.56.18,Aston Martin,Rapide
550,Dulsea,Debnam,ddebnamf9@squarespace.com,Bigender,2.40.98.100,Chevrolet,HHR
551,Gawen,Rumsey,grumseyfa@apache.org,Male,207.33.21.58,Volkswagen,Passat
552,Pansy,Frankiewicz,pfrankiewiczfb@php.net,Female,120.12.26.206,Cadillac,Escalade
553,Byrle,MacGovern,bmacgovernfc@friendfeed.com,Male,214.231.203.169,BMW,M3
554,Ronica,Schoales,rschoalesfd@fema.gov,Female,28.33.237.157,Hyundai,Tiburon
555,Rubetta,Nibloe,rnibloefe@mapquest.com,Female,169.9.148.214,Ford,Econoline E250
556,Rheba,Whytock,rwhytockff@google.it,Female,1.161.68.48,Holden,VS Commodore
557,Dav,Kubek,dkubekfg@sciencedaily.com,Male,252.36.10.202,Honda,S2000
558,Verney,O'Cahey,vocaheyfh@webs.com,Male,244.17.150.140,Hummer,H2
559,Dalila,Knowlson,dknowlsonfi@admin.ch,Non-binary,196.194.119.58,Ford,Laser
560,Beitris,Faull,bfaullfj@mail.ru,Female,128.244.57.253,BMW,Z8
561,Ulrick,Leirmonth,uleirmonthfk@engadget.com,Male,82.245.122.170,Volvo,C70
562,Raynard,McCorkindale,rmccorkindalefl@theatlantic.com,Male,211.8.243.193,Lincoln,Town Car
563,Alexandre,Scutts,ascuttsfm@fotki.com,Male,234.155.57.18,Subaru,Forester
564,Derick,Pearsey,dpearseyfn@intel.com,Genderqueer,188.124.44.7,Pontiac,Firefly
565,Ulysses,MacCallester,umaccallesterfo@craigslist.org,Male,212.201.252.40,Volkswagen,New Beetle
566,Sidoney,Wyndham,swyndhamfp@jigsy.com,Female,228.110.78.127,Subaru,SVX
567,Clarine,Simpkiss,csimpkissfq@amazon.co.jp,Female,77.175.89.63,Chevrolet,Cavalier
568,Darb,Hounsom,dhounsomfr@china.com.cn,Non-binary,114.71.114.189,Ford,Freestyle
569,Gunilla,Errey,gerreyfs@123-reg.co.uk,Genderfluid,8.4.210.195,Nissan,Altima
570,Lena,Rushman,lrushmanft@tiny.cc,Female,87.121.133.144,Dodge,Ram Wagon B250
571,Shirlee,Acom,sacomfu@kickstarter.com,Female,174.39.247.58,Lincoln,Continental Mark VII
572,Ethelred,Menaul,emenaulfv@yale.edu,Male,150.155.229.48,Ford,Ranger
573,Hilliard,Rainbird,hrainbirdfw@discovery.com,Male,58.227.70.159,Volvo,V90
574,Merrie,Hafner,mhafnerfx@ameblo.jp,Female,149.238.131.26,Chevrolet,SSR
575,Denni,Ruffler,drufflerfy@taobao.com,Female,129.153.4.79,Subaru,Baja
576,Worth,Erskin,werskinfz@sohu.com,Male,102.136.254.191,Hyundai,Azera
577,Brandise,Caroline,bcarolineg0@nps.gov,Female,63.66.220.231,Porsche,Boxster
578,Beaufort,Beahan,bbeahang1@sitemeter.com,Male,182.13.187.178,Maserati,Spyder
579,Sunny,Forsdicke,sforsdickeg2@bandcamp.com,Male,188.0.48.251,Mercury,Marquis
580,Peyton,Sneyd,psneydg3@amazonaws.com,Male,0.15.105.180,Mercedes-Benz,S-Class
581,Bridget,Desbrow,bdesbrowg4@ft.com,Female,50.147.22.64,Mitsubishi,Diamante
582,Averill,Ead,aeadg5@vinaora.com,Male,150.141.43.49,Mazda,MX-6
583,Kimberlee,Palumbo,kpalumbog6@i2i.jp,Female,13.92.159.244,Honda,S2000
584,Allie,Corps,acorpsg7@spiegel.de,Male,238.149.208.219,Kia,Borrego
585,Felice,Langton,flangtong8@statcounter.com,Male,255.22.65.254,Geo,Tracker
586,Elli,Baudin,ebauding9@is.gd,Female,79.5.113.39,GMC,Yukon XL 1500
587,Jens,Mosco,jmoscoga@cargocollective.com,Male,202.207.209.93,Buick,Coachbuilder
588,Elyssa,Berard,eberardgb@army.mil,Female,156.52.242.37,Ford,Escort
589,Morena,Laurentino,mlaurentinogc@seattletimes.com,Female,31.242.245.71,Mazda,RX-8
590,Fiann,Jerams,fjeramsgd@e-recht24.de,Female,118.5.186.3,Toyota,Sequoia
591,Julia,Enochsson,jenochssonge@sakura.ne.jp,Female,62.178.224.58,Dodge,Ram Van 2500
592,Ermengarde,Leithgoe,eleithgoegf@123-reg.co.uk,Female,245.197.44.149,Mercury,Grand Marquis
593,Berkley,Antonich,bantonichgg@istockphoto.com,Male,225.242.199.182,Honda,Prelude
594,Evyn,Faas,efaasgh@auda.org.au,Male,197.74.224.201,Dodge,Journey
595,Dorian,Oxnam,doxnamgi@storify.com,Female,11.27.128.64,Buick,Park Avenue
596,Olwen,Bromidge,obromidgegj@omniture.com,Female,73.207.254.2,Subaru,Outback
597,Maximilian,Lynn,mlynngk@miitbeian.gov.cn,Male,195.157.3.64,Nissan,NV2500
598,Waring,Sollon,wsollongl@ezinearticles.com,Male,212.12.185.54,Buick,Enclave
599,Royall,Tommasetti,rtommasettigm@jiathis.com,Male,116.119.47.136,GMC,Savana 2500
600,Zsazsa,Bonham,zbonhamgn@slashdot.org,Female,49.230.38.49,Audi,A8
601,Aurore,Filipczynski,afilipczynskigo@soup.io,Female,160.187.242.93,Bentley,Continental
602,Rosella,Thirst,rthirstgp@netlog.com,Female,153.158.154.162,Jeep,Grand Cherokee
603,Noll,Petrie,npetriegq@wsj.com,Male,92.63.168.58,GMC,Yukon
604,Darrel,Djurisic,ddjurisicgr@acquirethisname.com,Male,20.39.193.117,Audi,RS4
605,Otho,Di Biasi,odibiasigs@wikia.com,Male,66.77.36.174,Dodge,Viper
606,Phaedra,Paterno,ppaternogt@hubpages.com,Female,189.56.12.129,Chevrolet,Colorado
607,Noel,Fonteyne,nfonteynegu@mail.ru,Male,89.11.12.190,Nissan,Stanza
608,Shela,Drains,sdrainsgv@time.com,Female,233.98.253.240,Volvo,C30
609,Godfry,Maryin,gmaryingw@aboutads.info,Male,49.127.140.120,Infiniti,QX
610,Wallie,Andell,wandellgx@123-reg.co.uk,Female,24.4.95.71,Volvo,240
611,Idalina,Lusty,ilustygy@unc.edu,Female,111.47.16.242,Mitsubishi,Montero Sport
612,Aurel,Blunsum,ablunsumgz@dion.ne.jp,Female,132.177.241.42,Lexus,RX Hybrid
613,Merrie,Napolitano,mnapolitanoh0@ucsd.edu,Female,14.102.241.176,Toyota,T100
614,Verla,Skrzynski,vskrzynskih1@hexun.com,Female,238.149.173.20,Maybach,57
615,Creight,Svanini,csvaninih2@e-recht24.de,Male,73.246.233.221,Volvo,V70
616,Gabriel,Ruste,grusteh3@lulu.com,Female,171.223.108.63,Mitsubishi,Galant
617,Lurette,Skahill,lskahillh4@mlb.com,Female,183.226.189.165,Chevrolet,Corvette
618,Morgan,O'Carran,mocarranh5@furl.net,Genderfluid,244.251.93.75,Mercury,Sable
619,Claribel,Tranfield,ctranfieldh6@cmu.edu,Female,202.234.61.146,BMW,6 Series
620,Dina,Oswald,doswaldh7@surveymonkey.com,Female,104.155.49.126,Subaru,Tribeca
621,Webb,Sucre,wsucreh8@mozilla.org,Male,102.22.108.226,Chrysler,Concorde
622,Travis,Kildea,tkildeah9@networksolutions.com,Male,156.54.208.185,Ford,Bronco
623,Annadiane,Lord,alordha@kickstarter.com,Female,247.234.243.244,Chevrolet,Express 1500
624,Anica,Fawthorpe,afawthorpehb@themeforest.net,Female,184.175.16.201,Mercedes-Benz,S-Class
625,Yulma,Rogerot,yrogerothc@yelp.com,Male,202.84.33.21,Volkswagen,New Beetle
626,Siffre,Glyde,sglydehd@posterous.com,Male,178.174.47.21,Dodge,Dakota
627,Riki,Corbridge,rcorbridgehe@sogou.com,Female,248.221.231.163,Dodge,Ram 1500
628,Isadore,Thew,ithewhf@unesco.org,Male,60.12.141.64,Lexus,LS
629,Chase,Costellow,ccostellowhg@pen.io,Male,206.150.64.70,Chevrolet,Colorado
630,Karole,Viollet,kviollethh@loc.gov,Female,100.97.86.142,Mazda,RX-7
631,Pietro,Brownsell,pbrownsellhi@mail.ru,Male,204.24.191.199,Audi,S4
632,Ebonee,Judkin,ejudkinhj@ovh.net,Agender,193.145.227.86,Cadillac,Escalade
633,Marlyn,Westcott,mwestcotthk@devhub.com,Female,149.246.65.85,Volkswagen,Type 2
634,Darrel,Elmhirst,delmhirsthl@cpanel.net,Male,243.240.61.150,GMC,Sierra 1500
635,Ario,Pink,apinkhm@newyorker.com,Male,92.150.8.109,Kia,Rio
636,Sutherland,Roggero,sroggerohn@meetup.com,Male,190.215.138.137,Chevrolet,Blazer
637,Domini,de la Tremoille,ddelatremoilleho@themeforest.net,Female,70.158.87.204,Cadillac,Escalade EXT
638,Claudianus,Halfacre,chalfacrehp@msn.com,Male,54.161.194.119,Bentley,Arnage
639,Sianna,Bysh,sbyshhq@amazon.com,Female,181.5.32.58,Toyota,Tacoma Xtra
640,Torin,Givens,tgivenshr@altervista.org,Male,200.150.238.178,Ford,EXP
641,Briney,Petz,bpetzhs@discovery.com,Female,202.230.182.42,Toyota,FJ Cruiser
642,Gawen,Garry,ggarryht@issuu.com,Male,138.46.178.135,Lexus,ES
643,Glennie,Sextone,gsextonehu@weather.com,Female,157.186.70.184,Volkswagen,Touareg
644,Sansone,Hellmore,shellmorehv@nsw.gov.au,Non-binary,209.116.101.51,Audi,A6
645,Alma,Merricks,amerrickshw@amazon.co.uk,Female,153.235.246.203,Mercedes-Benz,M-Class
646,Shaine,Eates,seateshx@npr.org,Male,10.96.222.97,Chevrolet,Traverse
647,Ali,Biddlecombe,abiddlecombehy@google.com.au,Female,153.51.115.6,Chevrolet,Metro
648,Margaret,Gantlett,mgantletthz@homestead.com,Female,79.173.179.74,Chevrolet,G-Series G20
649,Kristel,Fulop,kfulopi0@prlog.org,Female,12.91.99.68,Honda,CR-V
650,Cymbre,Lorrimer,clorrimeri1@mapy.cz,Female,112.170.12.212,Bentley,Continental GTC
651,Xena,Dy,xdyi2@dedecms.com,Female,155.215.53.79,Mitsubishi,Galant
652,Beckie,Horsell,bhorselli3@kickstarter.com,Female,166.113.5.198,Ford,Econoline E250
653,Gavan,Moxsom,gmoxsomi4@linkedin.com,Male,220.192.204.70,Nissan,Quest
654,Tremain,Bail,tbaili5@goo.gl,Male,173.39.174.98,Porsche,911
655,Poul,Gwyllt,pgwyllti6@cafepress.com,Male,250.78.114.245,Porsche,Panamera
656,Enid,Conklin,econklini7@is.gd,Female,10.191.121.119,Lincoln,Continental Mark VII
657,Cristin,McWhan,cmcwhani8@ed.gov,Female,240.225.202.90,Mercury,Villager
658,Bernhard,Harnell,bharnelli9@webs.com,Male,58.108.227.162,Dodge,Dakota Club
659,Ailyn,Prendeguest,aprendeguestia@g.co,Female,246.248.139.246,Pontiac,Grand Prix
660,Rory,Mildner,rmildnerib@gov.uk,Female,193.150.199.96,Pontiac,Bonneville
661,Virgie,Scraney,vscraneyic@flickr.com,Male,101.66.212.182,Lincoln,MKS
662,Mercedes,Cartan,mcartanid@wordpress.com,Female,51.68.205.116,Chevrolet,Astro
663,Cully,Lewis,clewisie@bluehost.com,Male,38.4.210.171,Mercedes-Benz,300CE
664,Margy,Emberton,membertonif@sphinn.com,Female,5.212.17.232,Maserati,Biturbo
665,Darby,Barrabeale,dbarrabealeig@yellowbook.com,Female,11.188.128.177,GMC,1500 Club Coupe
666,Elisha,Lanmeid,elanmeidih@yellowpages.com,Polygender,78.208.225.22,Toyota,Corolla
667,Cindy,Laban,clabanii@reference.com,Female,120.132.160.11,Mazda,626
668,Earvin,Stonner,estonnerij@sun.com,Male,104.211.146.123,Jeep,Wrangler
669,Janna,Impleton,jimpletonik@artisteer.com,Female,93.204.106.31,Nissan,Versa
670,Leanora,Kinzel,lkinzelil@weather.com,Female,117.167.216.86,Jeep,Wrangler
671,Jeni,Dawltrey,jdawltreyim@tripadvisor.com,Female,252.124.161.84,Chrysler,Crossfire Roadster
672,Clarine,Millwater,cmillwaterin@icio.us,Female,203.22.130.162,Volkswagen,New Beetle
673,Talia,Crossley,tcrossleyio@upenn.edu,Female,244.92.177.216,Chevrolet,2500
674,Mano,Trodler,mtrodlerip@oaic.gov.au,Male,251.29.196.98,Ford,E150
675,Waldo,Akester,wakesteriq@nbcnews.com,Male,215.124.229.95,Acura,RSX
676,Janka,Masham,jmashamir@msn.com,Female,128.11.128.160,Pontiac,Vibe
677,Cedric,Boyson,cboysonis@163.com,Male,50.99.14.252,Mercury,Mountaineer
678,Marcelle,Mitcheson,mmitchesonit@t-online.de,Female,65.78.9.197,Subaru,XT
679,Nicolis,Coldtart,ncoldtartiu@mac.com,Male,255.188.185.125,Volkswagen,Eurovan
680,Ferrel,Soigne,fsoigneiv@unblog.fr,Male,31.168.122.37,Mercedes-Benz,C-Class
681,Nelle,Breazeall,nbreazealliw@123-reg.co.uk,Female,118.83.243.125,Honda,del Sol
682,Ephraim,Emmanueli,eemmanueliix@twitpic.com,Male,11.112.245.190,Chevrolet,Silverado 3500
683,Lynette,Overil,loveriliy@biglobe.ne.jp,Female,52.109.171.82,GMC,Vandura 1500
684,Valaria,Trouel,vtroueliz@symantec.com,Female,250.86.43.249,Isuzu,Rodeo
685,Stacee,Scholz,sscholzj0@twitpic.com,Male,55.140.34.239,Infiniti,QX
686,Barron,Weinham,bweinhamj1@exblog.jp,Male,42.137.173.189,Chevrolet,Camaro
687,Aurie,Langridge,alangridgej2@netlog.com,Female,194.226.132.128,Mazda,Mazdaspeed 3
688,Faydra,Storie,fstoriej3@creativecommons.org,Female,131.44.76.211,Buick,LeSabre
689,Perry,Newson,pnewsonj4@mail.ru,Male,91.112.95.67,GMC,1500
690,Chicky,Baison,cbaisonj5@etsy.com,Male,68.214.60.102,Cadillac,Sixty Special
691,Arlyne,Langfitt,alangfittj6@taobao.com,Female,1.93.196.163,Chevrolet,Equinox
692,Say,Sargeant,ssargeantj7@mashable.com,Male,94.183.135.18,Bentley,Continental GT
693,Felecia,Liepmann,fliepmannj8@cloudflare.com,Female,199.90.42.154,Volkswagen,Golf
694,Bell,Pinchon,bpinchonj9@rambler.ru,Female,40.92.2.172,Hyundai,Accent
695,Preston,Lints,plintsja@reddit.com,Male,133.247.182.80,Land Rover,Discovery
696,Alley,Brearley,abrearleyjb@sina.com.cn,Male,43.18.26.183,GMC,3500 Club Coupe
697,Karlan,Harriot,kharriotjc@eventbrite.com,Male,95.176.196.192,Toyota,4Runner
698,Talia,Thiese,tthiesejd@eepurl.com,Female,48.162.76.100,Nissan,NX
699,Ceciley,Whitehurst,cwhitehurstje@bloglines.com,Female,214.191.100.165,Honda,Odyssey
700,Boycey,Barby,bbarbyjf@blinklist.com,Male,44.114.19.63,Infiniti,EX
701,Bond,Zini,bzinijg@github.com,Non-binary,126.3.175.14,Audi,Coupe GT
702,Kermy,Goose,kgoosejh@ask.com,Male,159.191.8.136,Lexus,IS-F
703,Malissa,Helleker,mhellekerji@123-reg.co.uk,Female,170.168.47.77,BMW,M5
704,Hillary,Pocknell,hpocknelljj@jimdo.com,Male,43.75.59.75,Kia,Rondo
705,Garrott,Joska,gjoskajk@bluehost.com,Male,192.103.83.115,Pontiac,Grand Prix
706,Ange,Hatherell,ahatherelljl@indiatimes.com,Female,209.94.152.64,Lexus,LX
707,Sterling,Turfes,sturfesjm@amazon.com,Male,183.234.21.113,Porsche,928
708,Guido,Pellitt,gpellittjn@blogger.com,Male,208.181.95.154,Pontiac,Grand Prix
709,Rosalinda,Baroche,rbarochejo@twitpic.com,Genderqueer,72.28.255.178,Geo,Prizm
710,Sigismondo,McLeese,smcleesejp@disqus.com,Male,130.7.102.194,Honda,Ridgeline
711,Lianna,Jarrold,ljarroldjq@nbcnews.com,Female,241.155.63.168,Volkswagen,Passat
712,Cecilla,Landeg,clandegjr@usatoday.com,Agender,247.203.41.14,Mazda,MX-5
713,Manya,Jeffray,mjeffrayjs@forbes.com,Female,60.27.2.43,Mercedes-Benz,S-Class
714,Tybalt,Denisyuk,tdenisyukjt@prweb.com,Genderqueer,97.97.10.159,Infiniti,M
715,Gianina,Noddings,gnoddingsju@un.org,Female,97.50.207.172,Mercedes-Benz,E-Class
716,Willy,Sitlinton,wsitlintonjv@google.com.br,Male,205.209.74.64,Infiniti,FX
717,Veronika,Ferrieri,vferrierijw@fastcompany.com,Genderqueer,103.19.150.42,Dodge,Ram
718,Morley,Boumphrey,mboumphreyjx@photobucket.com,Polygender,235.117.45.16,BMW,M3
719,Efren,Paviour,epaviourjy@cisco.com,Male,88.160.251.61,Audi,S4
720,Jimmy,Fullager,jfullagerjz@creativecommons.org,Male,12.226.209.53,BMW,6 Series
721,Fabio,Camerello,fcamerellok0@usatoday.com,Male,94.72.82.112,Mercedes-Benz,M-Class
722,Latrena,Lidgertwood,llidgertwoodk1@addtoany.com,Female,136.200.80.205,GMC,3500
723,Cirillo,Zettler,czettlerk2@vinaora.com,Male,79.80.160.116,Mitsubishi,Pajero
724,Sibyl,Gerhts,sgerhtsk3@hc360.com,Male,156.126.147.147,Audi,80
725,Reider,Diss,rdissk4@behance.net,Male,30.181.120.20,Jaguar,S-Type
726,Denney,Hammill,dhammillk5@artisteer.com,Male,168.44.97.153,Kia,Sorento
727,Flossi,McGraw,fmcgrawk6@zimbio.com,Female,41.139.224.119,Volkswagen,New Beetle
728,Gary,Windus,gwindusk7@sun.com,Male,198.9.6.197,Ford,Probe
729,Stephani,Kenwood,skenwoodk8@wired.com,Female,127.95.234.61,Mercedes-Benz,300SD
730,Arnold,Meriton,ameritonk9@wiley.com,Male,13.127.255.82,Subaru,Legacy
731,Terra,Harrow,tharrowka@cdbaby.com,Female,181.195.34.231,Honda,S2000
732,Kayle,Rosenblad,krosenbladkb@bbc.co.uk,Female,32.155.148.234,Buick,Park Avenue
733,Ulises,Tookey,utookeykc@squarespace.com,Male,219.89.41.203,Mercedes-Benz,E-Class
734,Isaak,Havvock,ihavvockkd@nba.com,Male,196.245.31.113,Kia,Sportage
735,Ruthanne,Bruhn,rbruhnke@miibeian.gov.cn,Female,185.206.155.186,Toyota,Camry
736,Alika,Fallen,afallenkf@squidoo.com,Genderfluid,195.74.91.213,Ford,Ranger
737,Laurel,Le Noir,llenoirkg@twitter.com,Female,187.95.128.243,Nissan,Xterra
738,Geneva,Rhoades,grhoadeskh@sakura.ne.jp,Female,217.151.180.137,Lexus,IS-F
739,Cherida,Trayford,ctrayfordki@fema.gov,Female,201.213.9.223,Subaru,Forester
740,Carrie,Beckers,cbeckerskj@simplemachines.org,Female,31.38.167.94,Volkswagen,Rabbit
741,Hamilton,Illiston,hillistonkk@mapquest.com,Male,152.250.180.27,Toyota,Sienna
742,Nero,Cahillane,ncahillanekl@github.com,Male,137.93.133.150,Land Rover,LR3
743,Inger,Elvin,ielvinkm@wisc.edu,Male,144.28.181.128,Ford,Fusion
744,Reggie,Folbig,rfolbigkn@kickstarter.com,Male,169.34.121.62,Mitsubishi,Sigma
745,Russell,Bront,rbrontko@reuters.com,Male,54.49.27.212,Maserati,GranSport
746,Mady,Mate,mmatekp@addtoany.com,Bigender,214.17.18.250,Land Rover,LR2
747,Hanson,Feron,hferonkq@fc2.com,Male,94.179.32.188,Oldsmobile,88
748,Terrill,Beers,tbeerskr@bbb.org,Male,225.66.243.119,Subaru,Brat
749,Tammy,Father,tfatherks@independent.co.uk,Male,185.176.207.20,Suzuki,Esteem
750,Marillin,Boothebie,mboothebiekt@google.it,Female,22.114.248.95,GMC,3500
751,Margery,Iorns,miornsku@mapquest.com,Female,167.62.227.137,Mercedes-Benz,E-Class
752,Lorelei,Baalham,lbaalhamkv@wordpress.org,Female,170.23.160.193,Dodge,Dakota Club
753,Jacquie,Temperley,jtemperleykw@godaddy.com,Female,15.61.83.53,Mercedes-Benz,E-Class
754,Carver,Roney,croneykx@odnoklassniki.ru,Male,178.148.117.233,Mazda,B-Series
755,Letizia,Osmar,losmarky@nymag.com,Bigender,28.25.19.143,GMC,Savana 3500
756,Cherrita,Ivanishchev,civanishchevkz@360.cn,Female,137.205.56.217,Cadillac,XLR-V
757,Linell,Baldini,lbaldinil0@indiatimes.com,Female,108.125.39.22,Mitsubishi,Starion
758,Salome,Stener,sstenerl1@cargocollective.com,Female,205.81.66.60,Chevrolet,Silverado Hybrid
759,Barnabe,Baradel,bbaradell2@wordpress.org,Male,188.176.179.156,Ford,Edge
760,Willetta,Frichley,wfrichleyl3@cdc.gov,Female,205.22.41.174,Ford,Thunderbird
761,Beltran,Cossor,bcossorl4@networksolutions.com,Male,69.30.165.119,Suzuki,Swift
762,Doti,Aindrais,daindraisl5@slashdot.org,Female,219.213.89.248,Mercedes-Benz,M-Class
763,Corrine,Gatty,cgattyl6@hugedomains.com,Female,102.122.74.162,GMC,Yukon
764,Munmro,Collen,mcollenl7@amazon.co.jp,Male,50.88.18.66,Infiniti,QX
765,Brigg,Mullard,bmullardl8@apple.com,Male,232.109.89.210,Mazda,Tribute
766,Charlene,Kondratovich,ckondratovichl9@statcounter.com,Polygender,187.22.251.185,Ford,Econoline E150
767,Matthias,Jorden,mjordenla@foxnews.com,Male,61.56.159.129,Chevrolet,Suburban 1500
768,Adrian,McCracken,amccrackenlb@gmpg.org,Male,2.66.244.151,Ford,Explorer
769,Mariann,Metheringham,mmetheringhamlc@oakley.com,Non-binary,18.226.117.119,Honda,Odyssey
770,Isidora,Carnegie,icarnegield@indiatimes.com,Female,168.136.45.71,Chevrolet,Aveo
771,Winnah,Weeks,wweeksle@bloomberg.com,Female,215.149.74.243,Jeep,Cherokee
772,Georgi,Chatelain,gchatelainlf@apache.org,Male,107.168.136.55,Toyota,Tundra
773,Giovanna,Dring,gdringlg@photobucket.com,Female,80.94.250.5,Mercedes-Benz,E-Class
774,Morgen,Kobus,mkobuslh@opensource.org,Male,194.163.114.168,Ford,Focus
775,Griffith,Wiltshear,gwiltshearli@bbb.org,Agender,58.144.248.160,Buick,Skyhawk
776,Feodor,Brizland,fbrizlandlj@rambler.ru,Male,45.195.168.240,Nissan,350Z
777,Lisbeth,Gridon,lgridonlk@foxnews.com,Female,69.66.114.5,BMW,745
778,Urbano,Eardley,ueardleyll@tinypic.com,Male,40.23.97.90,Hyundai,Accent
779,Issiah,Reinisch,ireinischlm@live.com,Male,21.60.177.59,Oldsmobile,Regency
780,Shelley,Uebel,suebelln@woothemes.com,Male,222.196.101.87,Kia,Optima
781,Derrik,Keat,dkeatlo@creativecommons.org,Male,236.151.193.127,Ford,Taurus
782,Marcello,Winslow,mwinslowlp@addthis.com,Male,223.139.7.164,Subaru,Legacy
783,Roshelle,Dable,rdablelq@springer.com,Female,119.251.102.78,Volvo,S60
784,Shanie,Signori,ssignorilr@youtu.be,Female,83.151.31.43,Nissan,Armada
785,Elisha,Dexter,edexterls@nymag.com,Female,36.85.255.79,Infiniti,G37
786,Lewie,Banasik,lbanasiklt@printfriendly.com,Male,138.168.198.21,Ford,Laser
787,Langston,Seldner,lseldnerlu@wix.com,Male,52.114.77.219,Pontiac,Trans Sport
788,Pete,Doey,pdoeylv@webmd.com,Male,5.37.179.151,Ford,Focus ST
789,Missy,Tague,mtaguelw@a8.net,Female,99.8.194.152,Audi,A6
790,Loralie,Dur,ldurlx@netscape.com,Female,107.32.247.131,Audi,Coupe GT
791,Jennie,Luetchford,jluetchfordly@naver.com,Female,166.210.210.35,Subaru,Impreza
792,Cory,Webb-Bowen,cwebbbowenlz@networkadvertising.org,Male,56.101.247.123,GMC,Suburban 2500
793,Yorke,Edrich,yedrichm0@nasa.gov,Male,24.186.163.54,Land Rover,Discovery
794,Thatch,McVity,tmcvitym1@cargocollective.com,Male,103.122.95.16,Mazda,B2600
795,Lydie,Fillis,lfillism2@mysql.com,Female,76.55.111.114,Chevrolet,Impala
796,Roxi,Mayho,rmayhom3@un.org,Female,95.191.241.84,Ford,Expedition
797,Ambrosio,Budgen,abudgenm4@irs.gov,Male,226.157.6.124,Mercury,Cougar
798,Dwight,Gallally,dgallallym5@arstechnica.com,Male,3.27.34.0,BMW,M3
799,Lorie,Simonian,lsimonianm6@samsung.com,Female,86.158.172.50,Porsche,911
800,Andee,Lightbody,alightbodym7@economist.com,Female,239.199.172.160,Chevrolet,S10
801,Viola,Garretson,vgarretsonm8@rakuten.co.jp,Female,116.4.254.150,Saab,9-3
802,Hubie,Geere,hgeerem9@hugedomains.com,Male,59.248.252.238,Ford,Edge
803,Evy,Khan,ekhanma@ucsd.edu,Female,100.31.203.85,Lexus,IS-F
804,Charmion,Thorby,cthorbymb@bing.com,Female,188.180.198.151,Pontiac,Montana
805,Eduino,Walworth,ewalworthmc@jugem.jp,Male,205.156.175.84,Ford,Aerostar
806,Elwira,Ollerenshaw,eollerenshawmd@businesswire.com,Polygender,61.96.43.250,Dodge,Ram Wagon B350
807,Naomi,Gorick,ngorickme@wisc.edu,Female,111.92.191.88,Lexus,LX
808,Sven,Colliford,scollifordmf@sina.com.cn,Agender,174.217.37.12,Mercedes-Benz,CLK-Class
809,Karleen,Joncic,kjoncicmg@is.gd,Female,127.230.209.4,Ford,Taurus
810,Talya,Dicte,tdictemh@hud.gov,Female,95.166.59.28,Lexus,IS
811,Tann,Sample,tsamplemi@gov.uk,Male,81.202.236.236,Mercedes-Benz,SLK-Class
812,Dorian,Bauer,dbauermj@issuu.com,Male,246.152.101.152,Chevrolet,Camaro
813,Tally,McGray,tmcgraymk@businessinsider.com,Male,179.203.249.179,Dodge,Ram 2500
814,Gerri,McIlmorie,gmcilmorieml@sfgate.com,Male,108.76.96.165,Toyota,Highlander
815,Alisun,Dagg,adaggmm@google.it,Female,75.67.93.106,Lincoln,MKX
816,Kerstin,Keynes,kkeynesmn@elegantthemes.com,Female,38.219.61.1,Mazda,626
817,Savina,Caneo,scaneomo@merriam-webster.com,Agender,14.131.155.189,Buick,Regal
818,Kellia,Shevlane,kshevlanemp@un.org,Female,184.73.165.232,Dodge,Neon
819,Krystal,Philler,kphillermq@china.com.cn,Female,253.161.205.84,Porsche,911
820,Darby,Kielt,dkieltmr@hexun.com,Male,248.92.201.227,Subaru,Brat
821,Sharyl,Avrahamof,savrahamofms@reddit.com,Female,87.176.198.149,BMW,Z4
822,Lissy,Kernocke,lkernockemt@engadget.com,Female,59.38.18.239,BMW,745
823,Anselm,Feighney,afeighneymu@dropbox.com,Male,89.36.159.178,Mitsubishi,Mighty Max
824,Elton,Glader,egladermv@state.tx.us,Male,20.32.48.33,Dodge,Spirit
825,Kaye,Daldan,kdaldanmw@blogtalkradio.com,Female,119.229.247.5,BMW,3 Series
826,Theo,Gozzard,tgozzardmx@shutterfly.com,Female,35.158.172.156,Lotus,Esprit
827,Darius,Cadreman,dcadremanmy@lulu.com,Genderqueer,202.202.9.146,Cadillac,Escalade
828,Far,Bondley,fbondleymz@elegantthemes.com,Male,185.197.176.126,Chevrolet,Malibu
829,Deane,Balnaves,dbalnavesn0@cam.ac.uk,Female,21.57.118.4,Chevrolet,Silverado 2500
830,Christine,Tippler,ctipplern1@weather.com,Female,254.126.247.66,Chevrolet,Corvette
831,Evangelia,Purkis,epurkisn2@netvibes.com,Female,169.15.168.244,Oldsmobile,Achieva
832,Lenette,Dulany,ldulanyn3@hhs.gov,Female,9.92.141.83,Audi,5000S
833,Isabelle,Dobing,idobingn4@discuz.net,Female,39.135.108.56,Suzuki,Esteem
834,Malcolm,Zamudio,mzamudion5@msu.edu,Polygender,68.166.224.225,Dodge,D250 Club
835,Jimmy,Ainslie,jainslien6@ted.com,Male,20.224.117.50,Pontiac,6000
836,Theo,Cordelet,tcordeletn7@ibm.com,Male,213.36.208.227,Pontiac,Sunfire
837,Rozanna,Kachel,rkacheln8@ucoz.com,Polygender,51.145.145.198,Lincoln,MKX
838,Dalston,Corkell,dcorkelln9@instagram.com,Male,1.231.245.126,Oldsmobile,88
839,Augy,Barbie,abarbiena@java.com,Male,74.9.126.81,Buick,Rainier
840,Aharon,MacLure,amaclurenb@spotify.com,Male,223.114.217.242,Volkswagen,Rabbit
841,Erasmus,Sydney,esydneync@yandex.ru,Male,40.210.139.166,Nissan,Maxima
842,Chiquia,Cavey,ccaveynd@icq.com,Female,249.242.109.30,Ford,Festiva
843,Malissa,Beebis,mbeebisne@uol.com.br,Female,142.63.163.112,Lincoln,Mark LT
844,Udale,Grisbrook,ugrisbrooknf@joomla.org,Male,228.12.161.61,Mitsubishi,Eclipse
845,Manny,Reymers,mreymersng@so-net.ne.jp,Male,122.131.58.225,BMW,760
846,Giffer,Thow,gthownh@marriott.com,Male,198.242.211.144,Mazda,626
847,Nicky,Crayton,ncraytonni@uiuc.edu,Male,59.53.75.152,Buick,LeSabre
848,Silvia,Collopy,scollopynj@slideshare.net,Female,108.35.67.246,Maybach,57
849,Gage,Blesing,gblesingnk@rediff.com,Male,74.231.175.159,Buick,Regal
850,Maggee,Shilstone,mshilstonenl@dailymail.co.uk,Bigender,159.200.65.162,Chevrolet,Corvette
851,Sanford,Phillpotts,sphillpottsnm@facebook.com,Male,207.160.14.13,Maybach,57
852,Edgard,Withinshaw,ewithinshawnn@51.la,Male,137.191.130.78,Chevrolet,S10
853,Erich,Hubbert,ehubbertno@microsoft.com,Male,122.48.42.136,Mitsubishi,Galant
854,Cahra,Eby,cebynp@is.gd,Female,72.100.233.41,Land Rover,Discovery Series II
855,Seth,Scholig,sscholignq@purevolume.com,Male,189.237.99.198,Saab,9-5
856,Artie,Gavrieli,agavrielinr@wikispaces.com,Male,210.62.190.79,Lexus,ES
857,Andie,Webland,aweblandns@boston.com,Female,88.103.29.146,Oldsmobile,Cutlass Supreme
858,Issy,Neising,ineisingnt@liveinternet.ru,Female,245.179.106.67,Mercedes-Benz,M-Class
859,Livvie,Gillyett,lgillyettnu@comcast.net,Female,92.249.228.5,Chevrolet,Impala
860,Sydney,Carlon,scarlonnv@opera.com,Female,190.162.216.189,Toyota,Supra
861,Darryl,Yakhin,dyakhinnw@gov.uk,Genderqueer,203.239.30.69,Volvo,V40
862,Aleece,Carrack,acarracknx@nytimes.com,Female,80.179.97.75,Acura,TL
863,Helyn,Goucher,hgoucherny@1und1.de,Female,103.206.155.79,Pontiac,LeMans
864,Lek,Greedier,lgreediernz@tripadvisor.com,Male,60.134.169.27,Volkswagen,Eurovan
865,Hamish,Paolinelli,hpaolinellio0@netscape.com,Bigender,139.150.14.102,Audi,A4
866,Berti,Chastaing,bchastaingo1@altervista.org,Male,211.248.27.72,Ford,Bronco II
867,Freda,Sinney,fsinneyo2@usatoday.com,Female,44.8.250.199,Ford,Expedition
868,Jena,Cudd,jcuddo3@dell.com,Female,231.153.227.245,Chevrolet,Astro
869,Konstanze,Beahan,kbeahano4@sitemeter.com,Genderqueer,194.140.177.110,Pontiac,Bonneville
870,Gratia,MacDiarmond,gmacdiarmondo5@issuu.com,Female,222.99.6.135,Mercedes-Benz,E-Class
871,Tedd,Kleuer,tkleuero6@independent.co.uk,Male,182.183.205.241,Chevrolet,Suburban 2500
872,Bryce,Corradengo,bcorradengoo7@woothemes.com,Male,37.148.40.18,Acura,Integra
873,Wandie,Barosch,wbaroscho8@homestead.com,Female,9.94.111.32,Ford,Escort
874,Orrin,Martyns,omartynso9@cyberchimps.com,Male,132.159.48.5,Rolls-Royce,Ghost
875,Rubetta,Prinett,rprinettoa@last.fm,Female,18.143.37.107,Pontiac,Trans Sport
876,Charmion,MacGoun,cmacgounob@com.com,Female,129.5.4.182,Isuzu,Hombre
877,Bernette,Stonman,bstonmanoc@slideshare.net,Female,83.141.190.68,Dodge,Ram 2500 Club
878,Vally,Revens,vrevensod@example.com,Female,169.16.195.63,Saab,900
879,Glori,Phalip,gphalipoe@examiner.com,Female,116.77.107.215,Nissan,Murano
880,Zebulon,Cottrell,zcottrellof@guardian.co.uk,Male,138.43.179.108,Subaru,Impreza
881,Rollie,MacCurlye,rmaccurlyeog@a8.net,Male,111.113.26.122,Porsche,Cayenne
882,Byram,Grundell,bgrundelloh@tmall.com,Male,231.72.18.122,Pontiac,Firebird
883,Manda,Garraway,mgarrawayoi@wufoo.com,Female,10.146.2.21,Plymouth,Voyager
884,Hammad,Mein,hmeinoj@statcounter.com,Male,122.3.111.53,Mitsubishi,Galant
885,Nadean,Aldersley,naldersleyok@addtoany.com,Female,149.237.28.137,Buick,Regal
886,Ilario,Stollard,istollardol@360.cn,Male,146.161.116.69,Chevrolet,Camaro
887,Conchita,Gubbins,cgubbinsom@creativecommons.org,Female,8.233.87.76,Saab,9-5
888,Philly,Helliker,phellikeron@nifty.com,Female,55.222.113.63,Chevrolet,Silverado 2500
889,Gard,Fealy,gfealyoo@nationalgeographic.com,Male,72.130.238.81,BMW,7 Series
890,Skipton,O'Cannon,socannonop@economist.com,Male,238.105.211.211,Hyundai,Accent
891,Ammamaria,Stiant,astiantoq@google.com.au,Female,212.73.111.78,Mercedes-Benz,SL-Class
892,Cecil,Selvey,cselveyor@blog.com,Male,99.222.83.115,Ford,Mustang
893,Sascha,Siddeley,ssiddeleyos@fastcompany.com,Male,31.29.68.69,Hyundai,Elantra
894,Golda,Stephen,gstephenot@economist.com,Female,25.109.17.164,Lincoln,Continental
895,Ardith,Gavey,agaveyou@dagondesign.com,Female,196.201.122.77,Toyota,Tacoma Xtra
896,Clarence,De Domenicis,cdedomenicisov@oaic.gov.au,Male,42.121.177.57,Toyota,Camry
897,Ricky,O'Flannery,roflanneryow@blogspot.com,Female,36.48.210.111,Chevrolet,Malibu
898,Tiena,Schollick,tschollickox@miibeian.gov.cn,Female,73.50.215.177,Toyota,Prius
899,Seward,Ackeroyd,sackeroydoy@soundcloud.com,Male,146.119.129.31,Lincoln,Navigator
900,Mikol,Turnpenny,mturnpennyoz@dot.gov,Male,43.57.238.229,Lincoln,LS
901,Mindy,Gong,mgongp0@friendfeed.com,Female,6.187.90.73,Oldsmobile,88
902,Bertine,Jahner,bjahnerp1@bbb.org,Female,66.61.121.174,Pontiac,Fiero
903,Nona,Wyatt,nwyattp2@ycombinator.com,Female,31.125.83.227,Suzuki,Vitara
904,Lennie,Edgars,ledgarsp3@europa.eu,Male,214.123.181.106,Ford,Explorer
905,Pavlov,Swigg,pswiggp4@yahoo.co.jp,Male,235.105.247.126,Oldsmobile,Bravada
906,Janis,Salliere,jsallierep5@zdnet.com,Female,50.165.96.159,Oldsmobile,Cutlass
907,Pru,Willerstone,pwillerstonep6@mediafire.com,Female,220.220.208.187,Mazda,RX-7
908,Rufus,Disman,rdismanp7@quantcast.com,Male,191.125.154.74,Nissan,240SX
909,Krisha,Renhard,krenhardp8@princeton.edu,Male,233.254.61.31,Pontiac,Bonneville
910,Hew,Dootson,hdootsonp9@dyndns.org,Male,125.98.148.3,Aston Martin,DB9
911,Jules,Spurdens,jspurdenspa@soundcloud.com,Male,29.243.53.67,Ford,Ranger
912,Linea,Rodolphe,lrodolphepb@merriam-webster.com,Female,50.115.58.146,Chevrolet,Corvette
913,Katerine,Hartup,khartuppc@cbsnews.com,Female,11.67.231.67,Saab,9-7X
914,Nichole,McKue,nmckuepd@virginia.edu,Female,222.21.7.58,Lincoln,LS
915,Peyter,Gobeau,pgobeaupe@spiegel.de,Bigender,248.253.141.184,Chrysler,Town & Country
916,Aime,Kytter,akytterpf@squidoo.com,Female,221.82.22.238,Mercedes-Benz,SL-Class
917,Nannette,Corkish,ncorkishpg@about.com,Female,80.168.72.71,Volvo,C30
918,Mufi,Krimmer,mkrimmerph@nytimes.com,Female,73.246.113.111,Eagle,Talon
919,Clarinda,Postans,cpostanspi@oaic.gov.au,Polygender,217.91.71.29,Chevrolet,Express 2500
920,Hayyim,Happs,hhappspj@whitehouse.gov,Male,40.106.148.183,Mercury,Grand Marquis
921,Gardy,Jane,gjanepk@miitbeian.gov.cn,Male,154.13.8.38,GMC,Yukon XL 2500
922,Joyann,Duxbarry,jduxbarrypl@cbc.ca,Female,209.229.16.43,Cadillac,SRX
923,Land,Hanson,lhansonpm@tamu.edu,Male,143.104.187.142,Renault,Alliance
924,Koren,Hadgraft,khadgraftpn@examiner.com,Female,12.7.215.134,GMC,Savana 2500
925,Natty,Lambertz,nlambertzpo@comcast.net,Female,63.127.155.14,GMC,Sierra Denali
926,Trude,Bugg,tbuggpp@infoseek.co.jp,Female,20.142.134.248,Mazda,MX-6
927,Lorrayne,Perch,lperchpq@cmu.edu,Female,78.194.53.239,Audi,S4
928,Barty,Guerrin,bguerrinpr@is.gd,Male,43.158.15.62,Audi,S4
929,Delbert,Breakey,dbreakeyps@t-online.de,Bigender,189.183.167.136,Dodge,Ram Van 2500
930,Alasteir,Knapp,aknapppt@naver.com,Male,196.158.167.166,Mercedes-Benz,S-Class
931,Ema,Orpwood,eorpwoodpu@usda.gov,Female,150.97.27.11,Buick,LaCrosse
932,Noble,Giovannacci,ngiovannaccipv@go.com,Male,32.90.196.18,Toyota,Tacoma
933,Maurits,Iron,mironpw@blogger.com,Agender,67.163.192.185,Hyundai,Equus
934,Dennie,Stallibrass,dstallibrasspx@time.com,Female,108.236.193.162,Infiniti,Q
935,Isidore,Ballinger,iballingerpy@gizmodo.com,Male,248.212.21.167,Volkswagen,Type 2
936,Hermann,Burtwistle,hburtwistlepz@reuters.com,Male,135.203.64.17,Mazda,MX-6
937,Giulio,Galego,ggalegoq0@narod.ru,Male,174.108.175.6,Buick,Riviera
938,Jodie,Nial,jnialq1@sogou.com,Genderqueer,32.220.97.164,Mazda,MX-6
939,Cherri,Fernez,cfernezq2@blinklist.com,Female,243.137.252.226,Chevrolet,Venture
940,Jackelyn,Sturley,jsturleyq3@ihg.com,Female,224.172.169.16,Ford,F350
941,Ivie,Ranklin,iranklinq4@360.cn,Female,109.217.171.145,Audi,5000S
942,Sidney,Batrop,sbatropq5@yale.edu,Male,128.210.167.50,Kia,Sportage
943,Ahmed,Cambling,acamblingq6@intel.com,Male,214.14.0.229,Lexus,LX
944,Neddy,Dublin,ndublinq7@wordpress.com,Male,200.195.174.128,Ferrari,612 Scaglietti
945,Sterne,Brookwood,sbrookwoodq8@howstuffworks.com,Male,51.183.161.133,Honda,Civic
946,Silvester,Matyatin,smatyatinq9@nymag.com,Male,144.221.173.217,Mitsubishi,Lancer Evolution
947,Matthew,Berford,mberfordqa@vimeo.com,Male,120.99.14.48,Lincoln,Navigator
948,Vonny,Rudinger,vrudingerqb@businesswire.com,Female,55.170.162.110,Audi,S8
949,Tabitha,Chislett,tchislettqc@microsoft.com,Female,54.209.63.77,Plymouth,Sundance
950,Beniamino,Somerton,bsomertonqd@zdnet.com,Male,75.141.82.105,Nissan,350Z
951,Martainn,Matchell,mmatchellqe@usgs.gov,Male,168.31.86.187,Hyundai,Genesis
952,Storm,O'Fergus,sofergusqf@marketwatch.com,Female,87.206.242.15,Pontiac,Grand Am
953,Milissent,Gumly,mgumlyqg@blinklist.com,Female,223.37.100.162,Ford,Taurus
954,Inness,Shilliday,ishillidayqh@unicef.org,Male,58.181.206.95,Plymouth,Grand Voyager
955,Fredericka,O'Teague,foteagueqi@ucla.edu,Female,118.117.233.96,Maserati,GranTurismo
956,Glendon,Timblett,gtimblettqj@webeden.co.uk,Male,201.180.173.28,Lincoln,Continental Mark VII
957,Moselle,Shulver,mshulverqk@ftc.gov,Female,191.247.76.184,Mazda,MPV
958,Carmencita,Collacombe,ccollacombeql@booking.com,Genderqueer,48.29.74.17,Audi,A5
959,Hamish,Sever,hseverqm@bandcamp.com,Genderqueer,65.27.155.51,BMW,760
960,Foster,Dunbobbin,fdunbobbinqn@example.com,Male,199.162.168.85,Dodge,Charger
961,Kassandra,Greenan,kgreenanqo@cam.ac.uk,Genderfluid,218.249.65.69,Chrysler,Town & Country
962,Vonny,Origan,voriganqp@ebay.co.uk,Female,36.10.7.155,Volkswagen,Eurovan
963,Ester,Ruprich,eruprichqq@shinystat.com,Female,14.17.100.177,GMC,Sierra 1500
964,Tobiah,Ord,tordqr@amazon.com,Male,17.38.179.153,Mercedes-Benz,SLK-Class
965,Eilis,Desport,edesportqs@ftc.gov,Female,94.168.79.202,Pontiac,Montana
966,Thatcher,Ledward,tledwardqt@dot.gov,Male,48.69.230.251,Lincoln,Town Car
967,Bastian,Gunda,bgundaqu@com.com,Male,15.87.217.219,Dodge,Ram Van 3500
968,Florance,Blaydon,fblaydonqv@washingtonpost.com,Bigender,60.131.176.222,GMC,Sierra 3500
969,Florinda,Hounsome,fhounsomeqw@adobe.com,Female,1.207.163.125,BMW,Z4
970,Akim,Costley,acostleyqx@ehow.com,Male,104.159.170.147,Hyundai,Sonata
971,Doug,Gero,dgeroqy@123-reg.co.uk,Male,213.177.135.251,Pontiac,Fiero
972,Lusa,Engeham,lengehamqz@newsvine.com,Female,44.115.227.142,Ford,Bronco II
973,Reuven,Catt,rcattr0@4shared.com,Male,76.2.243.237,Ford,E250
974,Birgitta,Coneybeer,bconeybeerr1@princeton.edu,Female,247.81.156.86,Ford,Tempo
975,Wynn,Blurton,wblurtonr2@cmu.edu,Female,232.124.152.49,Jeep,Commander
976,Isa,Le Prevost,ileprevostr3@google.ca,Female,254.99.13.75,Volkswagen,Cabriolet
977,Adda,Pietzke,apietzker4@eventbrite.com,Female,12.63.200.195,Nissan,Xterra
978,Sutherland,Gilling,sgillingr5@cdc.gov,Male,157.142.4.185,Kia,Sorento
979,Meredeth,Tanslie,mtanslier6@yahoo.co.jp,Male,180.1.207.110,Dodge,Grand Caravan
980,Denys,Geroldini,dgeroldinir7@cnbc.com,Non-binary,17.16.82.123,Kia,Sorento
981,Bartholomeo,Battersby,bbattersbyr8@issuu.com,Male,65.240.12.23,Buick,Electra
982,Lyn,Sangar,lsangarr9@sun.com,Male,148.86.160.121,Hummer,H1
983,Lazar,Quelch,lquelchra@pbs.org,Agender,214.28.134.5,Toyota,Tundra
984,Rosana,Howroyd,rhowroydrb@disqus.com,Female,22.2.42.85,Bentley,Azure
985,Claudianus,Comello,ccomellorc@zdnet.com,Agender,75.104.53.10,Mazda,MX-5
986,Jaye,Kwietek,jkwietekrd@comcast.net,Male,161.254.148.181,Pontiac,Grand Am
987,Ambrose,MacAndie,amacandiere@auda.org.au,Genderfluid,209.13.219.178,Acura,TL
988,Ravid,Tomasian,rtomasianrf@netvibes.com,Genderqueer,60.171.251.199,Lotus,Elise
989,Shanna,Britland,sbritlandrg@rakuten.co.jp,Female,47.37.210.8,Dodge,Ram 2500
990,Buddy,Chapleo,bchapleorh@ihg.com,Male,238.175.225.98,Buick,Terraza
991,Jerrine,MacCaull,jmaccaullri@google.de,Bigender,16.247.136.86,GMC,Sonoma
992,Janifer,Cahn,jcahnrj@nyu.edu,Female,12.189.65.228,Audi,4000
993,Avigdor,Watting,awattingrk@ameblo.jp,Male,140.60.15.222,MINI,Clubman
994,Lamont,Sunner,lsunnerrl@fastcompany.com,Male,129.47.140.215,Suzuki,Reno
995,Justinian,Corradeschi,jcorradeschirm@rambler.ru,Male,242.236.209.103,Porsche,914
996,Benedicta,Leftridge,bleftridgern@cnn.com,Female,226.45.247.237,Audi,4000
997,Robin,Greenhill,rgreenhillro@house.gov,Male,104.103.18.126,Mazda,B-Series
998,Timothy,Patterson,tpattersonrp@nbcnews.com,Male,193.41.196.68,Mitsubishi,Eclipse
999,Jammal,Dettmar,jdettmarrq@typepad.com,Male,73.42.0.20,Lexus,IS F
1000,Gussie,Brinded,gbrindedrr@e-recht24.de,Female,222.16.100.67,Mitsubishi,Raider
